ID;Type;Subtype;Group;Object;Comments;Density g/cm^3;Thermal conductivity W/mK;Specific Heat Capacity kJ/kg*K;Comments;Moisture content %wt;Volatile content %wt;Char content %wt;Ash content %wt;SUM;M_norm;V_norm;C_norm;A_norm;;Comments;C %wt;H %wt;N %wt;S %wt;O %wt;Cl %wt;SUM;E_C_norm;E_H_norm;E_N_norm;E_S_norm;E_O_norm;E_Cl_norm;HHV [MJ/kg] DAF;HHV_D [MJ/kg];HHV_eff_norm  [MJ/kg];E_HHV [MJ/kg] DAF;E_HHV_D [MJ/kg];E_HHV_eff_norm  [MJ/kg];Ref A
1;Organic;1;Waste;Food residue;;;;;w/d basis;89.09;69.66;16.77;13.57;189.09;89.09;7.60;1.83;1.48;;dry ash free basis;32.81;4.77;2.35;0.13;59.93;;99.99;32.81;4.77;2.35;0.13;59.94;;;;;;;;18
2;Organic;1;Waste;Food residue;;;;;w/d basis;86.62;63.23;19.96;16.82;186.63;86.62;8.46;2.67;2.25;;dry ash free basis;41.42;3.5;5.57;0.27;49.24;;100;41.42;3.50;5.57;0.27;49.24;;;;;;;;18
3;Organic;1;Waste;Food residue;;;;;w/d basis;78.12;87.3;9.96;2.74;178.12;78.12;19.10;2.18;0.60;;dry ash free basis;52.4;6.91;7.75;0.52;32.42;;100;52.40;6.91;7.75;0.52;32.42;;;17.347;;17.83569813;17.347;3.7955236;18
4;Organic;1;Waste;Food residue;;;;;w/d basis;72;72.36;11.64;16;172;72.00;20.26;3.26;4.48;;;;;;;;;0;;;;;;;;;;;;;18
5;Organic;1;Waste;Food residue;;;;;w/d basis;71.64;62.83;9.63;27.54;171.64;71.64;17.82;2.73;7.81;;;;;;;;;0;;;;;;;;;;;;;18
6;Organic;1;Waste;Food residue;;;;;w/d basis;70;;;;70;;;;;;dry ash free basis;50.53;6.74;2.74;0.42;39.58;;100.01;50.52;6.74;2.74;0.42;39.58;;;13.917;;;13.917;4.1751;18
7;Organic;1;Waste;Food residue;;;;;w/d basis;69.37;59.13;9.45;31.42;169.37;69.37;18.11;2.89;9.62;;;;;;;;;0;;;;;;;;;;;;;18
8;Organic;1;Waste;Food residue;;;;;w/d basis;67.67;;;;67.67;;;;;;;;;;;;;0;;;;;;;;12.582;;;12.582;4.0677606;18
9;Organic;1;Waste;Food residue;;;;;w/d basis;63.06;50.3;12.56;37.14;163.06;63.06;18.58;4.64;13.72;;;;;;;;;0;;;;;;;;;;;;;18
10;Organic;1;Waste;Food residue;;;;;w/d basis;60;;;;60;;;;;;dry ash free basis;51.38;7.31;3.24;0.17;36.82;1.09;100.01;51.37;7.31;3.24;0.17;36.82;1.09;;;;;;;18
11;Organic;1;Waste;Food residue;;;;;w/d basis;56.12;54.97;7.29;37.74;156.12;56.12;24.12;3.20;16.56;;dry ash free basis;56.5;6.68;4.08;0.4;31.07;1.27;100;56.50;6.68;4.08;0.40;31.07;1.27;;9.643;;15.48827498;9.643;4.2313484;18
12;Organic;1;Waste;Food residue;;;;;w/d basis;54.51;;;;54.51;;;;;;dry ash free basis;50.69;6.8;1.7;0.43;40.38;;100;50.69;6.80;1.70;0.43;40.38;;;;;;;;18
13;Organic;1;Waste;Food residue;;;;;dry basis;;55.98;7.17;36.86;100.01;0.00;55.97;7.17;36.86;;dry ash free basis;59.95;9.13;3.95;0.44;26.54;;100.01;59.94;9.13;3.95;0.44;26.54;;;17.927;;28.39080396;17.927;17.927;18
14;Organic;1;Waste;Food residue;;;;;dry basis;;77.97;12.32;9.71;100;0.00;77.97;12.32;9.71;;dry ash free basis;52.24;7.3;4.97;1.01;34.35;0.12;99.99;52.25;7.30;4.97;1.01;34.35;0.12;;19.796;;21.92490863;19.796;19.796;18
15;Organic;1;Waste;Food residue;;;;;dry basis;;68.03;15.05;16.92;100;0.00;68.03;15.05;16.92;;dry ash free basis;50.09;5.08;6.58;1.1;37.14;;99.99;50.10;5.08;6.58;1.10;37.14;;;16.447;;19.79658161;16.447;16.447;18
16;Organic;1;Waste;Food residue;;;;;dry basis;;67.95;14.62;17.43;100;0.00;67.95;14.62;17.43;;dry ash free basis;50.07;5.4;6.73;0.93;36.88;;100.01;50.06;5.40;6.73;0.93;36.88;;;;;;;;18
17;Organic;1;Waste;Food residue;;;;;dry basis;;72.66;15.03;12.31;100;0.00;72.66;15.03;12.31;;dry ash free basis;49.94;4.85;3.04;0.56;41.6;;99.99;49.94;4.85;3.04;0.56;41.60;;;;;;;;18
18;Organic;1;Waste;Food residue;;;;;dry basis;;80.61;16.56;2.84;100.01;0.00;80.60;16.56;2.84;;dry ash free basis;49.1;7.26;4.39;0.23;39.02;;100;49.10;7.26;4.39;0.23;39.02;;;20.107;;20.69466986;20.107;20.107;18
19;Organic;1;Waste;Food residue;;;;;dry basis;;72.35;11.65;16;100;0.00;72.35;11.65;16.00;;dry ash free basis;48.5;14.2;1.3;0.2;35.8;;100;48.50;14.20;1.30;0.20;35.80;;;;;;;;18
20;Organic;1;Waste;Food residue;;;;;;;;;;;;;;;;dry ash free basis;47.55;6.36;0.82;0;45.27;;100;47.55;6.36;0.82;0.00;45.27;;;;;;;;18
21;Organic;1;Waste;Food residue;;;;;;;;;;;;;;;;dry ash free basis;46.33;5.49;3;0.36;42.31;2.5;99.99;46.33;5.49;3.00;0.36;42.31;2.50;;;;;;;18
22;Organic;1;Waste;Food residue;;;;;dry basis;;70.87;13.73;15.4;100;0.00;70.87;13.73;15.40;;dry ash free basis;43.25;6.38;2.43;0.47;47.47;;100;43.25;6.38;2.43;0.47;47.47;;;;;;;;18
23;Organic;1;Waste;Food residue;;;;;dry basis;;83.3;7.45;9.25;100;0.00;83.30;7.45;9.25;;;;;;;;;0;;;;;;;;;;;;;18
24;Organic;1;Waste;Food residue;;;;;dry basis;;53.5;8.75;37.75;100;0.00;53.50;8.75;37.75;;dry ash free basis;41.3;3.1;5.36;0.66;49.58;;100;41.30;3.10;5.36;0.66;49.58;;;;;;;;18
25;Organic;1;Waste;Food residue;;;;;;;;;;;;;;;;dry ash free basis;35.6;5.2;2.6;0.5;55.8;0.3;100;35.60;5.20;2.60;0.50;55.80;0.30;;;;;;;18
26;Organic;1;Waste;Food residue;;;;;dry basis;;63.5;8.75;27.75;100;0.00;63.50;8.75;27.75;;dry ash free basis;34.76;18.45;4.51;0.55;41.73;;100;34.76;18.45;4.51;0.55;41.73;;;;;;;;18
27;Organic;1;Waste;Food residue;;;;;dry basis;;70.38;24.94;4.68;100;0.00;70.38;24.94;4.68;;;;;;;;;0;;;;;;;;;;;;;18
28;Organic;1;Waste;Food residue;;;;;dry basis;;51.23;15.53;33.23;99.99;0.00;51.24;15.53;33.23;;;;;;;;;0;;;;;;;;;;;;;18
29;Organic;1;Waste;Food residue;;;;;dry basis;;45.5;12.5;42;100;0.00;45.50;12.50;42.00;;;;;;;;;0;;;;;;;;10.707;;18.46034483;10.707;10.707;18
30;Organic;1;Waste;Food residue;;;;;dry basis;;82.47;0.04;17.49;100;0.00;82.47;0.04;17.49;;;;;;;;;0;;;;;;;;;;;;;18
31;Organic;1;Waste;Organic waste;;;;;as received;70;;;5;75;;;;;;dry ash free basis;49.00;6.33;2.40;0.23;36.41;0.63;95;51.58;6.66;2.53;0.24;38.33;0.66;20.70;;;20.70;17.25;5.175;8
32;Organic;1;Waste;Food waste;;;;;dry basis;75.2;;;1.1;76.3;;;;;;dry ash free basis;43.10;7.30;0.90;0.02;47.50;;98.82022245;43.61;7.39;0.91;0.02;48.07;;;16.86;;;16.86;;30
33;Organic;1;Waste;Food waste;;;;;air dry basis;8.48;72.52;14.49;4.51;100;8.48;72.52;14.49;4.51;;air dry basis;45.06;6.98;2.90;0.27;40.28;2.7;98.19;45.89;7.11;2.95;0.27;41.02;2.75;;20.00;;21.03666245;20.00;18.304;38
34;Organic;1;Waste;Food waste;;;;;as received;81.76;;;4.06;85.82;;;;;;dry basis;37.97;8.41;1.78;0.44;47.34;;95.94;39.58;8.77;1.86;0.46;49.34;;;;3.25;22.91960508;17.81798246;3.25;22
35;Organic;1;Waste;Food residue;;;;;dry basis;;;;3.889;3.889;;;;;;dry ash free basis;47.58;6.66;2.52;1.05;43.98;;101.79;46.74;6.54;2.48;1.03;43.21;;18.21;;;18.21;;;25
36;Organic;1;Waste;Organic waste;;;;;dry basis;;;;10.8;10.8;;;;;;dry ash free basis;37.74;6.79;2.73;0.53;41.41;;89.2;42.31;7.61;3.06;0.59;46.42;;;14.757;;;14.757;;24
37;Organic;1;Waste;Food waste;;;;;;;;;;;;;;;;dry ash free basis;44.8;6.4;2.8;0.2;45.8;;100;44.80;6.40;2.80;0.20;45.80;;7.6;;;7.6;;;29
38;Organic;1;Waste;Food waste;;;;;;;;;;;;;;;;dry ash free basis;47.2;7;3.9;0.5;41.4;;100;47.20;7.00;3.90;0.50;41.40;;15.4;;;15.4;;;29
39;Organic;1;Waste;Organic waste;;;;;;;;;;;;;;;;dry ash free basis;11.4;1.5;0.8;0.2;86.1;;100;11.40;1.50;0.80;0.20;86.10;;4.9;;;4.9;;;29
40;Organic;1;Waste;Organic waste;;;;;;;;;;;;;;;;dry ash free basis;34.7;3.9;0.8;0.2;60.5;;100.1;34.67;3.90;0.80;0.20;60.44;;13.8;;;13.8;;;29
41;Organic;1;Waste;Organic waste;;;;;;;;;;;;;;;;dry ash free basis;33.9;4.7;0.8;0.2;60.5;;100.1;33.87;4.70;0.80;0.20;60.44;;14;;;14;;;29
42;Organic;1;Waste;Organic waste;;;;;;;;;;;;;;;;dry ash free basis;50.5;4.7;0.8;0.2;43.9;;100.1;50.45;4.70;0.80;0.20;43.86;;19.9;;;19.9;;;29
43;Organic;1;Waste;Organic waste;;;;;;;;;;;;;;;;dry ash free basis;3.5;0.1;0.2;0.2;96;;100;3.50;0.10;0.20;0.20;96.00;;1.3;;;1.3;;;29
44;Organic;1;Waste;Organic waste;;;;;;;;;;;;;;;;dry ash free basis;34.6;4.3;1.1;0.4;59.7;;100.1;34.57;4.30;1.10;1.10;59.64;;16.5;;;16.5;;;29
45;Organic;1;Waste;Organic waste;;;;;;;;;;;;;;;;dry ash free basis;46.2;6.1;1.9;0.4;45.4;;100;46.20;6.10;1.90;0.40;45.40;;20.2;;;20.2;;;29
46;Organic;1;Waste;Organic waste;;;;;;;;;;;;;;;;dry ash free basis;44.2;5.3;1.8;0.8;47.9;;100;44.20;5.30;1.80;0.80;47.90;;17.3;;;17.3;;;29
47;Organic;1;Waste;Vagetable food waste;;;;;;;;;;;;;;;;dry ash free basis;49.1;6.6;1.7;0.2;42.4;;100;49.10;6.60;1.70;0.20;42.40;;4.2;;;4.2;;;29
48;Organic;1;Waste;Coffee waste;;;;;;;;;;;;;;;;dry ash free basis;48;6.3;2.8;0.2;42.7;;100;48.00;6.30;2.80;0.20;42.70;;19.8;;;19.8;;;29
49;Organic;1;Waste;Tea waste;;;;;;;;;;;;;;;;dry ash free basis;48.6;5.5;0.5;0;45.4;;100;48.60;5.50;0.50;0.00;45.40;;17.1;;;17.1;;;29
50;Organic;1;Waste;Food residue;;;;;wet basis;4.92;64.68;14.31;16.09;100;4.92;64.68;14.31;16.09;;dry ash free basis;39.57;4.01;5.20;0.87;29.34;;78.99;50.09;5.08;6.58;1.10;37.14;;;15.64;;18.82340853;15.64;14.8686104;10
51;Organic;1;Waste;Food waste;;;;;w/d basis;4.38;70.7;18.5;10.8;104.38;4.38;67.60;17.69;10.33;;dry ash free basis;51.68;6.21;1.14;0.00;40.97;;100;51.68;6.21;1.14;0.00;40.97;;;;;;;;11
52;Organic;1;Waste;Food waste;;;;;w/d basis;69.85;66.79;12.23;20.98;169.85;69.85;20.14;3.69;6.33;;dry ash free basis;47.22;7.04;3.86;0.49;41.15;1.06;100.82;46.84;6.98;3.83;0.49;40.82;1.05;15.39;;;15.39;12.161178;3.666595167;13
53;Organic;1;Waste;Food waste;;;;;;;;;;;;;;;;dry basis;40.5;5.95;2.39;0.66;43.53;;93.03;43.53;6.40;2.57;0.71;46.79;;;;;;;;26
54;Organic;1;Waste;Food waste;;;;;as received;72.6;;;;;;;;;;dry basis;26.60;3.70;1.60;0.00;23.00;;54.9;48.45173042;6.739526412;2.9143898;0;41.89435337;;;;;;;;16
55;Organic;2;Green waste;Yard waste ;;;;;dry basis;;;;13.42;13.42;;;;;;dry ash free basis;40.78;6.16;0.85;0.20;38.59;;86.58;47.10;7.11;0.98;0.23;44.57;;;16.012;;;16.012;;24
56;Organic;2;Green waste;Yard waste;;;;;;;;;;;;;;;;dry ash free basis;42.4;5.3;1.6;0.2;50.5;;100;42.40;5.30;1.60;0.20;50.50;;9.3;;;9.3;;;29
57;Organic;2;Green waste;Yard waste ;leaves;;;;;;;;;;;;;;;dry ash free basis;50;5.7;0.8;0.1;43.4;;100;50.00;5.70;0.80;0.10;43.40;;18.7;;;18.7;;;29
58;Organic;2;Green waste;Yard waste;mixture;;;;;;;;;;;;;;;dry ash free basis;45;5.6;1.5;0.2;47.7;;100;45.00;5.60;1.50;0.20;47.70;;18;;;18;;;29
59;Organic;2;Green waste;Yard waste ;mixture;;;;;;;;;;;;;;;dry ash free basis;40.7;5;1.3;0.1;52.9;;100;40.70;5.00;1.30;0.10;52.90;;17.2;;;17.2;;;29
60;Organic;2;Green waste;Yard waste ;;;;;w/d basis;5;72.1;17.7;10.2;105;5.00;68.50;16.82;9.69;;dry ash free basis;52.5;6.83;1.28;0;39.3;;99.91;52.55;6.84;1.28;0.00;39.34;;;;;;;;11
61;Organic;2;Green waste;Yard waste ;;;;;w/d basis;9;52.8;8;39.2;109;9.00;48.05;7.28;35.67;;dry ash free basis;47.16;5.44;4;0;43.4;;100;47.16;5.44;4.00;0.00;43.40;;;;;;;;11
62;Organic;2;Green waste;Green waste;;;;;w/d basis;42.95;75.87;17.29;6.84;142.95;42.95;43.28;9.86;3.90;;dry ash free basis;51.35;6.39;1.59;0.18;40.5;0.29;100.3;51.20;6.37;1.59;0.18;40.38;0.29;19.46;;;19.46;18.128936;10.34255799;13
63;Organic;2;Green waste;Yard waste ;;;;;as received;80.75;;;8.24;88.99;;;;;;dry ash free basis;40.47;7.47;1.53;0.44;41.85;;91.76;44.10;8.14;1.67;0.48;45.61;;;;5.5;49.95458674;28.57142857;5.5;22
64;Organic;2;Green waste;Leaves;infiltrated with water;;0.544;;;;;;;;;;;;;;;;;;;;;;;;;;;;;;;;;45
65;Organic;2;Green waste;Leaves;;;;;wet basis;1.68;72.53;20.76;5.03;100;1.68;72.53;20.76;5.03;;dry basis;46.13;6.15;0.56;0.10;42.13;;95.07;48.52214158;6.46891764;0.589039655;0.105185653;44.31471547;;;17.66;;18.61218995;17.66;17.363312;43
66;Organic;2;Green waste;Grass;;;;;wet basis;1.77;61.27;14.86;22.10;100;1.77;61.27;14.86;22.10;;dry basis;32.65;4.95;3.07;1.99;35.24;;77.9;41.9127086;6.354300385;3.940949936;2.554557125;45.23748395;;;20.64;;26.63164587;20.64;20.274672;43
67;Organic;2;Green waste;Flowering plants;;;;;;;;;;;;;;;;dry ash free basis;46.7;6.6;1.2;0.3;45.3;;100.1;46.65334665;6.593406593;1.198801199;0.2997003;45.25474525;;8.6;;;8.6;;;29
68;Organic;2;Green waste;Lawngrass;;;;;;;;;;;;;;;;dry ash free basis;46.2;6;4.5;0.4;43;;100.1;46.15384615;5.994005994;4.495504496;0.3996004;42.95704296;;4.8;;;4.8;;;29
69;Organic;2;Green waste;Lawngrass;;;;;;;;;;;;;;;;dry ash free basis;43.3;6;2.2;0.1;48.4;;100;43.3;6;2.2;0.1;48.4;;6.3;;;6.3;;;29
70;Organic;2;Green waste;Mixedgreens;;;;;;;;;;;;;;;;dry ash free basis;40.3;5.6;2;0.1;52;;100;40.3;5.6;2;0.1;52;;6.3;;;6.3;;;29
71;Organic;2;Green waste;Green logs;;;;;;;;;;;;;;;;dry ash free basis;50.1;6.4;0.1;0.1;43.3;;100;50.1;6.4;0.1;0.1;43.3;;9.8;;;9.8;;;29
72;Organic;2;Green waste;Green wastes;;;;;;;;;;;;;;;;dry ash free basis;51.4;6.4;1.6;0.2;40.5;;100.1;51.34865135;6.393606394;1.598401598;0.1998002;40.45954046;;19.5;;;19.5;;;29
73;Organic;2;Green waste;Grass clippings;clippings;;;;;;;;;;;;;;;dry ash free basis;43.3;5.9;2.6;0.3;47.9;;100;43.3;5.9;2.6;0.3;47.9;;17.9;;;17.9;;;29
74;Organic;2;Green waste;Grass dirt leaves;dirt, leaves;;;;;;;;;;;;;;;dry ash free basis;36.2;4.8;2.1;0.3;56.7;;100.1;36.16383616;4.795204795;2.097902098;0.2997003;56.64335664;;14.6;;;14.6;;;29
75;Organic;2;Green waste;Chinar leaves;;;;;dry basis;;;;;;;;;;;dry ash free basis;52.95;4.88;1.01;0.33;40.83;;100;52.95;4.88;1.01;0.33;40.83;;;19.12;;;19.12;;31
76;Organic;2;Green waste;Chinar leaves;;;;;dry basis;;75.35;16.87;7.78;100;0;75.35;16.87;7.78;;;;;;;;;;;;;;;;;;;;;;31
77;Organic;2;Green waste;Fallen leaves;;;;;dry basis;;74.48;18.9;6.63;100.01;0;74.47255274;18.89811019;6.629337066;;;;;;;;;;;;;;;;;;;;;;31
78;Organic;2;Green waste;Leaves;;;;;dry basis;;74.32;16.25;9.43;100;0;74.32;16.25;9.43;;dry ash free basis;47.18;5.61;0.18;0.68;46.35;;100;47.18;5.61;0.18;0.68;46.35;;;18.366;;20.27823783;18.366;18.366;31
79;Organic;2;Green waste;Leaves;;;;;dry basis;;73.7;17.38;8.92;100;0;73.7;17.38;8.92;;dry ash free basis;47.25;5.57;0.19;0.73;46.26;;100;47.25;5.57;0.19;0.73;46.26;;;17.198;;18.88230127;17.198;17.198;31
80;Organic;2;Green waste;Leaves;;;;;dry basis;;76.52;16.38;7.09;99.99;0;76.52765277;16.38163816;7.090709071;;;;;;;;;;;;;;;;;22.599;;24.32372454;22.599;22.599;31
81;Organic;2;Green waste;Leaves;;;;;dry basis;;75.55;17.26;7.19;100;0;75.55;17.26;7.19;;;;;;;;;;;;;;;;;;;;;;31
82;Organic;2;Green waste;Pine needles;;;;;;;;;;;;;;;;dry ash free basis;52.57;6.3;0.54;0.16;40.44;;100.01;52.56474353;6.299370063;0.539946005;0.159984002;40.4359564;;;20.843;;;20.843;;31
83;Organic;2;Green waste;Poplar leaves;;;;;;;;;;;;;;;;dry ash free basis;49.54;5.24;1.31;0.31;43.49;;99.89;49.59455401;5.245770347;1.311442587;0.310341376;43.53789168;;;16.85;;;16.85;;31
84;Organic;2;Green waste;King grass;;;;;;;;;;;;;;;;dry ash free basis;48.37;6.3;0.49;0.25;44.58;;99.99;48.37483748;6.300630063;0.490049005;0.250025003;44.58445845;;;22.127;;;22.127;;31
85;Organic;2;Green waste;King grass;;;;;dry basis;;74.12;18.43;7.44;99.99;0;74.12741274;18.43184318;7.440744074;;dry ash free basis;46.91;5.89;0.7;0.21;46.3;;100.01;46.90530947;5.889411059;0.699930007;0.209979002;46.29537046;;;17.983;;19.42863501;17.983;17.983;31
86;Organic;2;Green waste;Miscanthus;;;;;dry basis;;78.79;16.69;4.52;100;0;78.79;16.69;4.52;;dry ash free basis;56.41;7.27;0.75;0;35.58;;100.01;56.40435956;7.269273073;0.749925007;0;35.57644236;;;;;;;;31
87;Organic;2;Green waste;Pennisetum;;;;;dry basis;;78;15.95;6.05;100;0;78;15.95;6.05;;dry ash free basis;52.59;7.08;1.11;0;39.22;;100;52.59;7.08;1.11;0;39.22;;;;;;;;31
88;Organic;2;Green waste;Pennisetum;;;;;;;;;;;;;;;;dry ash free basis;47.81;6.32;0.4;0.11;45.36;;100;47.81;6.32;0.4;0.11;45.36;;;;;;;;31
89;Organic;3;Wood;Wood waste;;;;;air dried basis;8.82;66.64;17.39;7.15;100;8.82;66.64;17.39;7.15;;dry ash free basis;41.93;5.72;0.70;0.10;44.40;0.1;92.95;45.11;6.15;0.75;0.11;47.77;0.11;;15.68;;17.01419017;15.68;14.297024;38
90;Organic;3;Wood;Wood waste;;;;;dry basis;8.42;76.42;13.16;2.00;100;8.42;76.42;13.16;2.00;;dry ash free basis;43.73;4.62;0.27;0.04;40.96;;89.62;48.79;5.16;0.30;0.04;45.70;;;;;;;;17
91;Organic;3;Wood;Wood waste;;;;;as received;36.55;;;1.88;38.43;;;;;;dry basis;44.76;8.81;0.28;0.45;43.82;;98.12;45.62;8.98;0.29;0.46;44.66;;;;14.6;23.71284717;23.01024429;14.6;22
92;Organic;3;Wood;Wood waste;;;;;dry basis;;;;1.12;1.12;;;;;;dry ash free basis;46.95;6.77;0.16;0.03;43.55;;97.46033981;48.17;6.95;0.16;0.03;44.68;;17.96;;;17.96;;;25
93;Organic;3;Wood;Wood waste;;;;;dry basis;;;;1.01;1.01;;;;;;dry ash free basis;47.72;6.67;0.14;0.03;44.43;;98.99;48.21;6.74;0.14;0.03;44.88;;;17.975;;;17.975;;24
94;Organic;3;Wood;Wood waste;;;;;dry basis;;79.81;17.49;2.7;100;0;79.81;17.49;2.7;;dry ash free basis;46.65;6.41;0.18;2.05;44.71;;100;46.65;6.41;0.18;2.05;44.71;;17.36;;;17.36;16.89128;16.89128;14
95;Organic;3;Wood;Wood chip;;;;;wet basis;9.22;79.04;10.39;1.35;100;9.22;79.04;10.39;1.35;;dry ash free basis;46.26;4.06;0.14;0.07;38.90;;89.43;51.73;4.54;0.16;0.08;43.50;;;18.325;;18.60162697;18.325;16.635435;10
96;Organic;3;Wood;Wood waste;;;;;wet basis;9.31;74.96;15.49;0.24;100;9.31;74.96;15.49;0.24;;dry ash free basis;45.69;7.57;1.89;1.01;43.84;;100;45.69;7.57;1.89;1.01;43.84;;;;;;;;23
97;Organic;3;Wood;Wood waste;;;;;;;;;;0;;;;;;dry ash free basis;42.40;6.13;1.07;0.72;39.39;;89.71;47.26;6.83;1.19;0.80;43.91;;;;;;;;26
98;Organic;3;Wood;Wood chip;;;;;dry basis;0;86.30;13.30;0.40;100;0;86.30;13.30;0.40;;dry ash free basis;47.70;6.20;0.10;0.00;46.00;;100;47.70;6.20;0.10;0.00;46.00;;;;;;;;36
99;Organic;3;Wood;Furniture wood;;;;;;;;;;;;;;;;dry ash free basis;49.7;6.1;0.1;0.1;44;;100;49.7;6.1;0.1;0.1;44;;18.2;;;18.2;;;29
100;Organic;3;Wood;Hardwood;;;;;;;;;;;;;;;;dry ash free basis;49.4;6.1;0.1;0.1;44.3;;100;49.4;6.1;0.1;0.1;44.3;;17;;;17;;;29
101;Organic;3;Wood;Bambo;;;;;;;;;;;;;;;;dry ash free basis;47.81;5.55;0.7;0.6;45.89;;100.55;47.54848334;5.519641969;0.696171059;0.596718051;45.63898558;;;19.868;;;19.868;;31
102;Organic;3;Wood;Bambo;;;;;;;;;;;;;;;;dry ash free basis;46.88;6.11;0.28;;46.73;;100;46.88;6.11;0.28;0;46.73;;;;;;;;31
103;Organic;3;Wood;Bambo;;;;;dry basis;;81.36;16.84;1.79;99.99;0;81.36813681;16.84168417;1.790179018;;dry ash free basis;51.42;6.01;0.36;0.29;41.92;;100;51.42;6.01;0.36;0.29;41.92;;;19.616;;19.97356253;19.616;19.616;31
104;Organic;3;Wood;Bambo;;;;;dry basis;;81.03;18.27;0.69;99.99;0;81.03810381;18.27182718;0.690069007;;dry ash free basis;50.46;6.32;0.22;0.1;42.73;0.16;99.99;50.4650465;6.320632063;0.220022002;0.100010001;42.73427343;0.160016002;;19.58;;19.71605438;19.58;19.58;31
105;Organic;3;Wood;Bambo;;;;;dry basis;;80.56;17.48;1.96;100;0;80.56;17.48;1.96;;dry ash free basis;50.76;5.91;0.28;0.07;42.98;;100;50.76;5.91;0.28;0.07;42.98;;;19.339;;19.7256222;19.339;19.339;31
106;Organic;3;Wood;Moso bambo;;;;;;;;;;;;;;;;dry ash free basis;48.89;5.98;0.27;;44.86;;100;48.89;5.98;0.27;0;44.86;;;;;;;;31
107;Organic ;3;Wood;China fir;;;;;dry basis;;82.04;14.44;3.53;100.01;0;82.03179682;14.43855614;3.529647035;;dry ash free basis;51.47;6.89;0.4;0.16;41.08;;100;51.47;6.89;0.4;0.16;41.08;;;20.007;;20.73901399;20.007;20.007;31
108;Organic ;3;Wood;Dry wood;;;;;dry basis;;81.86;15.76;2.38;100;0;81.86;15.76;2.38;;dry ash free basis;48.37;6.17;0.42;0.03;45.01;;100;48.37;6.17;0.42;0.03;45.01;;;;;;;;31
109;Organic ;3;Wood;Pine;;;;;dry basis;;85.64;14.01;0.35;100;0;85.64;14.01;0.35;;dry ash free basis;46.06;5.97;0.1;0.03;47.84;;100;46.06;5.97;0.1;0.03;47.84;;;;;;;;31
110;Organic ;3;Wood;Pine wood;;;;;dry basis;;83.5;15.54;0.95;99.99;0;83.50835084;15.54155416;0.95009501;;dry ash free basis;50.51;5.95;0.11;0.03;43.39;;99.99;50.51505151;5.95059506;0.110011001;0.030003;43.39433943;;;19.646;;19.83444608;19.646;19.646;31
111;Organic ;3;Wood;Polar scraps;;;;;dry basis;;86.38;12.67;0.95;100;0;86.38;12.67;0.95;;dry ash free basis;49.06;6.53;1.45;0.01;42.95;;100;49.06;6.53;1.45;0.01;42.95;;;;;;;;31
112;Organic ;3;Wood;Sawdust;;;;;dry basis;;81;18.58;0.42;100;0;81;18.58;0.42;;dry ash free basis;49.42;7.26;0.39;0.01;42.92;;100;49.42;7.26;0.39;0.01;42.92;;;21.178;;21.26732276;21.178;21.178;31
113;Organic ;3;Wood;Sawdust;;;;;dry basis;;80.93;18.89;0.18;100;0;80.93;18.89;0.18;;dry ash free basis;54.35;5.99;0.26;0;39.4;;100;54.35;5.99;0.26;0;39.4;;;;;;;;31
114;Organic ;3;Wood;Sawdust;;;;;dry basis;;87.26;11.6;1.14;100;0;87.26;11.6;1.14;;dry ash free basis;54.86;6.31;0.28;0.02;38.53;;100;54.86;6.31;0.28;0.02;38.53;;;;;;;;31
115;Organic ;3;Wood;Sawdust;;;;;dry basis;;80.7;17.6;1.7;100;0;80.7;17.6;1.7;;dry ash free basis;52.7;6.3;0.2;0.1;40.7;;100;52.7;6.3;0.2;0.1;40.7;;;;;;;;31
116;Organic ;3;Wood;Sawdust;;;;;dry basis;;84.24;15.15;0.61;100;0;84.24;15.15;0.61;;dry ash free basis;50.4;5.49;0.02;0.01;44.08;;100;50.4;5.49;0.02;0.01;44.08;;;;;;;;31
117;Organic ;3;Wood;Sawdust;;;;;;;;;;;;;;;;dry ash free basis;51.63;4.62;0.83;0.17;42.66;0.09;100;51.63;4.62;0.83;0.17;42.66;0.09;;;;;;;31
118;Organic ;3;Wood;Spurce chips;;;;;dry basis;;85;14.64;0.36;100;0;85;14.64;0.36;;dry ash free basis;47.4;6.1;0.1;0.1;46.4;;100.1;47.35264735;6.093906094;0.0999001;0.0999001;46.35364635;;;;;;;;31
119;Organic ;3;Wood;Tree branches;;;;;dry basis;;84.1;15.09;0.81;100;0;84.1;15.09;0.81;;dry ash free basis;51.41;6.25;0.1;0.1;42.14;;100;51.41;6.25;0.1;0.1;42.14;;;;;;;;31
120;Organic ;3;Wood;Wood;;;;;dry basis;;79.45;16.85;3.7;100;0;79.45;16.85;3.7;;dry ash free basis;50.61;7.45;0.08;0;41.86;;100;50.61;7.45;0.08;0;41.86;;;18.126;;18.82242991;18.126;18.126;31
121;Organic ;3;Wood;Wood;;;;;dry basis;;81.64;17.54;0.82;100;0;81.64;17.54;0.82;;dry ash free basis;48.35;6.62;0.04;0.29;44.7;;100;48.35;6.62;0.04;0.29;44.7;;;20.697;;20.86811857;20.697;20.697;31
122;Organic ;3;Wood;Wood;;;;;;;;;;;;;;;;dry ash free basis;54.64;6.54;0.96;0.69;37.08;0.08;99.99;54.64546455;6.540654065;0.96009601;0.690069007;37.08370837;0.080008001;;;;;;;31
123;Organic ;3;Wood;Wood;;;;;;;;;;;;;;;;dry ash free basis;50.53;5.8;0.41;0.05;42.32;0.89;100;50.53;5.8;0.41;0.05;42.32;0.89;;;;;;;31
124;Organic ;3;Wood;Wood;;;;;dry basis;;80.5;15.3;4.2;100;0;80.5;15.3;4.2;;dry ash free basis;46.49;6.56;1;0.29;45.67;;100.01;46.48535146;6.559344066;0.99990001;0.289971003;45.66543346;;;;;;;;31
125;Organic ;3;Wood;Wood chips;;;;;dry basis;;82.66;15.4;1.95;100.01;0;82.65173483;15.39846015;1.949805019;;dry ash free basis;49.54;6.21;0.12;0.04;44.06;0.03;100;49.54;6.21;0.12;0.04;44.06;0.03;;19.163;;19.54407128;19.163;19.163;31
126;Organic ;3;Wood;Wood chips;;;;;dry basis;;87.07;11.45;1.49;100.01;0;87.06129387;11.44885511;1.489851015;;dry ash free basis;51.73;4.54;0.16;0.08;43.5;;100.01;51.72482752;4.539546045;0.159984002;0.079992001;43.49565043;;;20.186;;20.49128969;20.186;20.186;31
127;Organic ;3;Wood;Wood chips;;;;;dry basis;;81.5;15.05;3.45;100;0;81.5;15.05;3.45;;dry ash free basis;49.03;5.69;0.22;0.07;44.98;;99.99;49.03490349;5.690569057;0.220022002;0.070007001;44.98449845;;;18.591;;19.25530813;18.591;18.591;31
128;Organic ;3;Wood;Wooden chopsticks;;;;;dry basis;;83.45;14.37;2.18;100;0;83.45;14.37;2.18;;dry ash free basis;48.79;5.16;0.3;0.04;45.7;;99.99;48.79487949;5.160516052;0.300030003;0.040004;45.70457046;;;18.933;;19.35493764;18.933;18.933;31
129;Organic;4;Plant based ;Walnuts shell;English typ;;;2.09;wet basis;3.65;;;1.86;;;;;;;;;;;;;;;;;;;;;;;;;;;2
130;Organic;4;Plant based ;Walnuts shell;;0.692;;;wet basis;8.02;;;;;;;;;;;;;;;;;;;;;;;;;;;;;;56
131;Organic;4;Plant based ;Walnuts kernels;;1.275;;;wet basis;4.38;;;1.74;;;;;;;;;;;;;;;;;;;;;;;;;;;56
132;Organic;4;Plant based ;Ginger;root;1.317;;;;;;;;;;;;;;;;;;;;;;;;;;;;;;;;;;55
133;Organic;4;Plant based ;Citrus rinds and seeds;;;;;;;;;;;;;;;;dry ash free basis;48;5.7;1.1;0.1;45.1;;100;48;5.7;1.1;0.1;45.1;;4;;;4;;;29
134;Organic;4;Plant based ;Orange peel;;;;;dry basis;0;76.49;20.60;2.91;100;0;76.49;20.60;2.91;;dry ash free basis;48.74;5.92;1.43;0.16;43.00;;99.25;49.10831234;5.964735516;1.440806045;0.161209068;43.32493703;;;;;;;;15
135;Organic;4;Plant based ;Fruit;;;;;as received;76.1;;;;;;;;;;dry basis;38.00;3.70;1.90;0.00;35.60;;79.2;47.97979798;4.671717172;2.398989899;0;44.94949495;;;;;;;;16
136;Organic;4;Plant based ;Artichokes;globe;;;;;;;;1.13;;;;;;;;41.2;6;1.8;0.1;50.9;;100;41.2;6;1.8;0.1;50.9;;;;;;;;52
137;Organic;4;Plant based ;Corn;30 to 60°C and 10 to 50 % moisture;;0.159;2.449;;;;;;;;;;;;;;;;;;;0;;;;;;;;;;;;;54
138;Organic;4;Plant based ;Chinese cabbage;;;;;dry basis;;67.6;22.49;9.91;100;0;67.6;22.49;9.91;;dry ash free basis;47.49;5.88;4.11;0.73;41.79;;100;47.49;5.88;4.11;0.73;41.79;;;16.99;;18.85891886;16.99;16.99;42
139;Organic;4;Plant based ;Potato;;;;;dry basis;;79.52;17.33;3.15;100;0;79.52;17.33;3.15;;dry ash free basis;44.41;5.33;1.81;0.64;47.82;;100.01;44.41;5.33;1.81;0.64;47.82;;;17.1;;17.65616933;17.1;17.1;42
140;Organic;4;Plant based ;Tangerine peel;;;;;dry basis;;76.49;20.6;2.91;100;0;76.49;20.6;2.91;;dry ash free basis;48.74;5.92;1.43;0.08;43.83;;100;48.74;5.92;1.43;0.08;43.83;;;18.47;;19.02358636;18.47;18.47;42
141;Organic;4;Plant based ;Banana peel;;;;;dry basis;;64.38;24.77;10.85;100;0;64.38;24.77;10.85;;dry ash free basis;35.8;4.79;4.37;0.1;54.93;;99.99;35.8;4.79;4.37;0.1;54.93;;;16.39;;18.38474481;16.39;16.39;42
142;Organic;4;Plant based ;Pakchoi;;;;;dry basis;;63.97;17.59;18.44;100;0;63.97;17.59;18.44;;dry ash free basis;43.37;5.93;1.25;0.81;48.64;;100;43.37;5.93;1.25;0.81;48.64;;;18.9;;23.17312408;18.9;18.9;42
143;Organic;4;Plant based ;Celery;;;;;dry basis;;65.36;20.06;14.58;100;0;65.36;20.06;14.58;;dry ash free basis;38.46;6.16;0.21;0.65;54.52;;100;38.46;6.16;0.21;0.65;54.52;;;13.57;;15.88620932;13.57;13.57;42
144;Organic;4;Plant based ;Orange peel;;;;;dry basis;;77.93;19.92;2.15;100;0;77.93;19.92;2.15;;dry ash free basis;40.28;6.12;1.08;0.06;52.46;;100;40.28;6.12;1.08;0.06;52.46;;;17.1;;17.47572816;17.1;17.1;42
145;Organic;4;Plant based ;Spinach;;;;;dry basis;;65.26;18.77;15.97;100;0;65.26;18.77;15.97;;dry ash free basis;47.58;6.48;1.57;0.43;43.93;;99.99;47.58;6.48;1.57;0.43;43.93;;;17.08;;20.32607402;17.08;17.08;42
146;Organic;4;Plant based ;Chinese cabbage;;;;;dry basis;;71.76;8.23;20.01;100;0;71.76;8.23;20.01;;dry ash free basis;49.68;5.08;4.07;0.66;40.51;;100;49.68;5.08;4.07;0.66;40.51;;;15.784;;19.73246656;15.784;15.784;31
147;Organic;4;Plant based ;Potato;;;;;;;;;;;;;;;;dry ash free basis;42.09;6.5;2.12;0.23;49.06;;100;42.09;6.5;2.12;0.23;49.06;;;16.912;;;16.912;;31
148;Organic;4;Plant based ;Peas;;;;;;;;;;;;;;;;dry ash free basis;42.13;5.88;3.14;0.22;48.62;;99.99;42.13421342;5.880588059;3.140314031;0.220022002;48.62486249;;;16.533;;;16.533;;31
149;Organic;4;Plant based ;Scallion;;;;;;;;;;;;;;;;dry ash free basis;48.12;6.27;3.09;0.78;41.74;;100;48.12;6.27;3.09;0.78;41.74;;;18.042;;;18.042;;31
150;Organic;4;Plant based ;Lettuce;;;;;dry basis;;80.45;2.36;17.19;100;0;80.45;2.36;17.19;;;;;;;;;;;;;;;;;;;;;;31
151;Organic;4;Plant based ;Vegetables mix;;;;;dry basis;;65.45;15.45;19.1;100;0;65.45;15.45;19.1;;dry ash free basis;41.3;3.1;5.36;0.66;49.58;;100;41.3;3.1;5.36;0.66;49.58;;;;;;;;31
152;Organic;4;Plant based ;Vegetables mix;;;;;dry basis;;65.06;14.99;19.96;100.01;0;65.05;14.99;19.96;;dry ash free basis;41.14;4.85;4.39;1.16;48.46;;100;41.14;4.85;4.39;1.16;48.46;;;;;;;;31
153;Organic;4;Plant based ;Vegetables mix;;;;;;;;;;;;;;;;dry ash free basis;50.31;6.71;2.73;0.42;39.83;;100;50.31;6.71;2.73;0.42;39.83;;;;;;;;31
154;Organic;4;Plant based ;Rice;avg. Properties in differents states at 50°C;0.6975;0.1475;;;;;;;;;;;;;;;;;;;;;;;;;;;;;;;;;44
155;Organic;4;Plant based ;Rice;;;;;dry basis;;84.42;15.18;0.4;100;0;84.42;15.18;0.4;;dry ash free basis;45.97;6.35;1.69;0.25;45.74;;100;45.97;6.35;1.69;0.25;45.74;;;18.14;;18.21285141;18.14;18.14;31
156;Organic;4;Plant based ;Rice;;;;;dry basis;;87.74;11.84;0.42;100;0;87.74;11.84;0.42;;dry ash free basis;44.2;5.73;1.2;0.1;48.75;0.02;100;44.2;5.73;1.2;0.1;48.75;0.02;;17.972;;18.04780076;17.972;17.972;31
157;Organic;4;Plant based ;Rice;;;;;dry basis;;;;;;;;;;;dry ash free basis;40.64;6.59;1.68;0.14;50.96;;100.01;40.63593641;6.589341066;1.679832017;0.139986001;50.95490451;;;17.802;;;17.802;;31
158;Organic;4;Plant based ;Rice;;;;;dry basis;;86.45;12.45;1.11;100.01;0;86.44135586;12.44875512;1.109889011;;dry ash free basis;43.41;6.29;1.72;0.13;48.44;;99.99;43.41434143;6.290629063;1.720172017;0.130013001;48.44484448;;;18.095;;18.29808847;18.095;18.095;31
159;Organic;4;Plant based ;Rice;;;;;dry basis;;81.33;16.29;2.38;100;0;81.33;16.29;2.38;;dry ash free basis;45.25;7.09;1.27;1.10;45.30;;100;45.25;7.09;1.27;1.10;45.30;;17.65;;;17.65;17.22993;17.22993;14
160;Organic;4;Plant based ;Flour;;;;;;;;;;;;;;;;dry ash free basis;42.78;6.19;2.48;0.15;48.39;;99.99;42.78427843;6.190619062;2.480248025;0.150015002;48.39483948;;;18.157;;;18.157;;31
161;Organic;4;Plant based ;Flour;;;;;dry basis;;8.79;90.59;0.62;100;0;8.79;90.59;0.62;;dry ash free basis;43.47;6.74;2.93;0.1;46.76;;100;43.47;6.74;2.93;0.1;46.76;;;;;;;;31
162;Organic;4;Plant based ;Chestnut shell;;;;;dry basis;;73.99;23.22;2.79;100;0;73.99;23.22;2.79;;;;;;;;;;;;;;;;;;;;;;31
163;Organic;4;Plant based ;Peanut shell;;;;;dry basis;;73.88;24.31;1.82;100.01;0;73.87261274;24.30756924;1.819818018;;;;;;;;;;;;;;;;;;;;;;31
164;Organic;4;Plant based ;Peanut shell;;;;;dry basis;;74.34;23.57;2.1;100.01;0;74.33256674;23.56764324;2.099790021;;dry ash free basis;51.98;6.88;0.83;0.21;40.1;;100;51.98;6.88;0.83;0.21;40.1;;;;;;;;31
165;Organic;4;Plant based ;Peanut shell;;;;;;;;;;;;;;;;dry ash free basis;53.6;6.7;1.2;0.2;38.3;;100;53.6;6.7;1.2;0.2;38.3;;;20.589;;;20.589;;31
166;Organic;4;Plant based ;Walnut shell;;;;;dry basis;;74.73;23.81;1.45;99.99;0;74.73747375;23.81238124;1.450145015;;dry ash free basis;52.55;6.42;1.55;;39.48;;100;52.55;6.42;1.55;0;39.48;;;;;;;;31
167;Organic;4;Plant based ;Orange peel;;;;;dry basis;;76.27;21.29;2.44;100;0;76.27;21.29;2.44;;dry ash free basis;43.93;5.64;1.34;0.07;48.93;0.08;99.99;43.93439344;5.640564056;1.340134013;0.070007001;48.93489349;0.080008001;;18.097;;18.5496105;18.097;18.097;31
168;Organic;4;Plant based ;Orange peel;;;;;dry basis;;82.51;14.73;2.76;100;0;82.51;14.73;2.76;;dry ash free basis;52.94;7.42;1.38;0.08;38.19;;100.01;52.93470653;7.419258074;1.379862014;0.079992001;38.18618138;;;18.231;;18.74845742;18.231;18.231;31
169;Organic;4;Plant based ;Orange peel;;;;;dry basis;;76.47;20.6;2.91;99.98;0;76.48529706;20.60412082;2.910582116;;dry ash free basis;48.74;5.92;1.43;0.19;43.72;;100;48.74;5.92;1.43;0.19;43.72;;;18.47;;19.02370042;18.47;18.47;31
170;Organic;4;Plant based ;Banana peel;;;;;dry basis;;75.37;15.82;8.81;100;0;75.37;15.82;8.81;;;;;;;;;;;;;;;;;;;;;;31
171;Organic;4;Plant based ;Fruit peel;;;;;dry basis;;77.68;19.2;3.13;100.01;0;77.67223278;19.19808019;3.129687031;;dry ash free basis;50.15;5.82;1.14;0.2;42.69;;100;50.15;5.82;1.14;0.2;42.69;;;;;;;;31
172;Organic;4;Plant based ;Fruit peel;;;;;dry basis;;77.93;18.78;3.29;100;0;77.93;18.78;3.29;;dry ash free basis;48.50;6.20;1.30;0.20;39.50;;95.7;50.67920585;6.478578892;1.358411703;0.208986416;41.27481714;;;18.638;;19.27205046;18.638;18.638;31
173;Organic;4;Plant based ;Fruit peel;;;;;;;;;;;;;;;;dry ash free basis;47.58;6.17;0.78;0;45.47;;100;47.58;6.17;0.78;0;45.47;;;;;;;;31
174;Organic;4;Plant based ;Fruit peel;;;;;;;;;;;;;;;;;;;;;;;;;;;;;;;16.887;;;16.887;;31
175;Organic;4;Plant based ;Lemons Seeds;average value in moisture content between 8 and 1%w.;0.838;;;air dryed;4.795;;;;;;;;;;;;;;;;;;;;;;;;;;;;;;46
176;Organic;4;Plant based ;Oranges;;1.019;;;;;;;;;;;;;;;;;;;;;;;;;;;;;;;;;;47
177;Organic;4;Plant based ;Peanuts;Solid density hulled peanuts;0.475;;;;;;;;;;;;;;;;;;;;;;;;;;;;;;;;;;48
178;Organic;4;Plant based ;Peanuts;Solid density  peanut kernel;0.905;;;;;;;;;;;;;;;;;;;;;;;;;;;;;;;;;;48
179;Organic;4;Plant based ;Peanuts;Solid density  peanut shell;0.285;;;;;;;;;;;;;;;;;;;;;;;;;;;;;;;;;;48
180;Organic;4;Plant based ;Artichokes;globe;;;3.9;as received;84.94;;;1.13;;;;;;;;;;;;;;;;;;;;;;;;;;;3
181;Organic;4;Plant based ;Artichokes;Jerusalem;;;3.63;as received;78.01;;;2.54;;;;;;;;;;;;;;;;;;;;;;;;;;;3
182;Organic;4;Plant based ;Asparagus;;;;4.03;as received;92.4;;;0.57;;;;;;;;;;;;;;;;;;;;;;;;;;;3
183;Organic;4;Plant based ;Beans;snap;;;3.99;as received;90.27;;;0.66;;;;;;;;;;;;;;;;;;;;;;;;;;;3
184;Organic;4;Plant based ;Beans;lima;;;3.52;as received;70.24;;;1.89;;;;;;;;;;;;;;;;;;;;;;;;;;;3
185;Organic;4;Plant based ;Beets;;;;3.91;as received;87.58;;;1.08;;;;;;;;;;;;;;;;;;;;;;;;;;;3
186;Organic;4;Plant based ;Broccoli;;;;4.01;as received;90.69;;;0.92;;;;;;;;;;;;;;;;;;;;;;;;;;;3
187;Organic;4;Plant based ;Brussels sprouts;;;;3.9;as received;86;;;1.37;;;;;;;;;;;;;;;;;;;;;;;;;;;3
188;Organic;4;Plant based ;Cabbage;;;;4.02;as received;92.15;;;0.71;;;;;;;;;;;;;;;;;;;;;;;;;;;3
189;Organic;4;Plant based ;Carrots;pureed;;;3.92;as received;87.79;;;0.87;;;;;;;;;;;;;;;;;;;;;;;;;;;3
190;Organic;4;Plant based ;Cauliflower;;;;4.02;as received;91.91;;;0.71;;;;;;;;;;;;;;;;;;;;;;;;;;;3
191;Organic;4;Plant based ;Celeriac;;;;3.9;as received;88;;;1;;;;;;;;;;;;;;;;;;;;;;;;;;;3
192;Organic;4;Plant based ;Celery;;;;4.07;as received;94.64;;;0.82;;;;;;;;;;;;;;;;;;;;;;;;;;;3
193;Organic;4;Plant based ;Collards;;;;4.01;as received;90.55;;;0.55;;;;;;;;;;;;;;;;;;;;;;;;;;;3
194;Organic;4;Plant based ;Corn sweet, yellow;;;;3.62;as received;75.96;;;0.62;;;;;;;;;;;;;;;;;;;;;;;;;;;3
195;Organic;4;Plant based ;Cucumbers;;;;4.09;as received;96.01;;;0.41;;;;;;;;;;;;;;;;;;;;;;;;;;;3
196;Organic;4;Plant based ;Eggplant;;;;4.02;as received;92.03;;;0.71;;;;;;;;;;;;;;;;;;;;;;;;;;;3
197;Organic;4;Plant based ;Endive;;;;4.07;as received;93.79;;;1.41;;;;;;;;;;;;;;;;;;;;;;;;;;;3
198;Organic;4;Plant based ;Garlic;;;;3.17;as received;58.58;;;1.5;;;;;;;;;;;;;;;;;;;;;;;;;;;3
199;Organic;4;Plant based ;Ginger;root;;;3.75;as received;81.67;;;0.77;;;;;;;;;;;;;;;;;;;;;;;;;;;3
200;Organic;4;Plant based ;Horseradish;;;;3.7;as received;78.66;;;2.26;;;;;;;;;;;;;;;;;;;;;;;;;;;3
201;Organic;4;Plant based ;Kale;;;;3.82;as received;84.46;;;1.53;;;;;;;;;;;;;;;;;;;;;;;;;;;3
202;Organic;4;Plant based ;Kohlrabi;;;;4.02;as received;91;;;1;;;;;;;;;;;;;;;;;;;;;;;;;;;3
203;Organic;4;Plant based ;Lettuce;iceberg;;;4.09;as received;95.89;;;0.48;96.37;;;;;;;;;;;;;;;;;;;;;;;;;;3
204;Organic;4;Plant based ;Leeks;;;;3.77;as received;83;;;1.05;;;;;;;;;;;;;;;;;;;;;;;;;;;3
205;Organic;4;Plant based ;Mushrooms;;;;3.99;as received;91.81;;;0.89;;;;;;;;;;;;;;;;;;;;;;;;;;;3
206;Organic;4;Plant based ;Okra;;;;3.97;as received;89.58;;;0.7;;;;;;;;;;;;;;;;;;;;;;;;;;;3
207;Organic;4;Plant based ;Onions;;;;3.95;as received;89.68;;;0.37;;;;;;;;;;;;;;;;;;;;;;;;;;;3
208;Organic;4;Plant based ;Onions;dehydrated flakes;;;;as received;3.93;;;3.38;;;;;;;;;;;;;;;;;;;;;;;;;;;3
209;Organic;4;Plant based ;Parsley;;;;3.93;as received;87.71;;;87.71;;;;;;;;;;;;;;;;;;;;;;;;;;;3
210;Organic;4;Plant based ;Parsnips;;;;3.74;as received;79.53;;;0.98;;;;;;;;;;;;;;;;;;;;;;;;;;;3
211;Organic;4;Plant based ;Peas;green;;;3.75;as received;78.86;;;0.87;79.73;;;;;;;;;;;;;;;;;;;;;;;;;;3
212;Organic;4;Plant based ;Peppers;freeze-dried;;;;as received;2;;;8.4;;;;;;;;;;;;;;;;;;;;;;;;;;;3
213;Organic;4;Plant based ;Peppers;sweet, green;;;4.01;as received;92.19;;;0.3;;;;;;;;;;;;;;;;;;;;;;;;;;;3
214;Organic;4;Plant based ;Potato;main crop;;;3.67;as received;78.96;;;0.89;79.85;;;;;;;;;;;;;;;;;;;;;;;;;;3
215;Organic;4;Plant based ;Potato;sweet;;;3.48;as received;72.84;;;0.95;;;;;;;;;;;;;;;;;;;;;;;;;;;3
216;Organic;4;Plant based ;Pumpkins;;;;3.97;as received;91.6;;;0.8;;;;;;;;;;;;;;;;;;;;;;;;;;;3
217;Organic;4;Plant based ;Radishes;;;;4.08;as received;94.84;;;0.54;;;;;;;;;;;;;;;;;;;;;;;;;;;3
218;Organic;4;Plant based ;Rhubarb;;;;4.05;as received;93.61;;;0.76;;;;;;;;;;;;;;;;;;;;;;;;;;;3
219;Organic;4;Plant based ;Rutabaga;;;;3.96;as received;89.66;;;0.81;;;;;;;;;;;;;;;;;;;;;;;;;;;3
220;Organic;4;Plant based ;Salsify;vegetable oyster;;;3.65;as received;77;;;0.9;;;;;;;;;;;;;;;;;;;;;;;;;;;3
221;Organic;4;Plant based ;Spinach;;;;4.02;as received;91.58;;;1.72;;;;;;;;;;;;;;;;;;;;;;;;;;;3
222;Organic;4;Plant based ;Squash;summer;;;4.07;as received;94.2;;;0.58;;;;;;;;;;;;;;;;;;;;;;;;;;;3
223;Organic;4;Plant based ;Squash;winter;;;3.89;as received;87.78;;;0.9;;;;;;;;;;;;;;;;;;;;;;;;;;;3
224;Organic;4;Plant based ;Tomato;mature green;;;4.02;as received;93;;;0.5;;;;;;;;;;;;;;;;;;;;;;;;;;;3
225;Organic;4;Plant based ;Tomato;ripe;;;4.08;as received;93.76;;;0.42;;;;;;;;;;;;;;;;;;;;;;;;;;;3
226;Organic;4;Plant based ;Turnip;;;;4;as received;91.87;;;0.7;;;;;;;;;;;;;;;;;;;;;;;;;;;3
227;Organic;4;Plant based ;Turnip;greens;;;4.01;as received;91.07;;;1.4;;;;;;;;;;;;;;;;;;;;;;;;;;;3
228;Organic;4;Plant based ;Watercress;;;;4.08;as received;95.11;;;1.2;;;;;;;;;;;;;;;;;;;;;;;;;;;3
229;Organic;4;Plant based ;Yams;;;;3.47;as received;69.6;;;0.82;;;;;;;;;;;;;;;;;;;;;;;;;;;3
230;Organic;4;Plant based ;Apples;fresh;;;3.81;as received;83.93;;;0.26;;;;;;;;;;;;;;;;;;;;;;;;;;;3
231;Organic;4;Plant based ;Apples;dried, at 23°C;;;2.57;as received;31.76;;;1.1;;;;;;;;;;;;;;;;;;;;;;;;;;;3
232;Organic;4;Plant based ;Apricots;;;;3.87;as received;86.35;;;0.75;;;;;;;;;;;;;;;;;;;;;;;;;;;3
233;Organic;4;Plant based ;Avocados;;;;3.67;as received;74.27;;;1.04;;;;;;;;;;;;;;;;;;;;;;;;;;;3
234;Organic;4;Plant based ;Bananas;;;;3.56;as received;74.26;;;0.8;;;;;;;;;;;;;;;;;;;;;;;;;;;3
235;Organic;4;Plant based ;Blackberries;;;;3.91;as received;85.64;;;0.48;;;;;;;;;;;;;;;;;;;;;;;;;;;3
236;Organic;4;Plant based ;Blueberries;;;;3.83;as received;84.61;;;0.21;;;;;;;;;;;;;;;;;;;;;;;;;;;3
237;Organic;4;Plant based ;Cantaloupes;;;;3.93;as received;89.78;;;0.71;;;;;;;;;;;;;;;;;;;;;;;;;;;3
238;Organic;4;Plant based ;Cherries;sour;;;3.85;as received;86.13;;;0.4;;;;;;;;;;;;;;;;;;;;;;;;;;;3
239;Organic;4;Plant based ;Cherries;sweet;;;3.73;as received;80.76;;;0.53;;;;;;;;;;;;;;;;;;;;;;;;;;;3
240;Organic;4;Plant based ;Cranberries;;;;3.91;as received;86.54;;;0.19;;;;;;;;;;;;;;;;;;;;;;;;;;;3
241;Organic;4;Plant based ;Currants;European black;;;3.71;as received;81.96;;;0.86;;;;;;;;;;;;;;;;;;;;;;;;;;;3
242;Organic;4;Plant based ;Currants;red and white;;;3.85;as received;83.95;;;0.66;;;;;;;;;;;;;;;;;;;;;;;;;;;3
243;Organic;4;Plant based ;Dates;cured;;;2.31;as received;22.5;;;1.58;;;;;;;;;;;;;;;;;;;;;;;;;;;3
244;Organic;4;Plant based ;Figs;fresh;;;3.7;as received;79.11;;;0.66;;;;;;;;;;;;;;;;;;;;;;;;;;;3
245;Organic;4;Plant based ;Figs;dried;;;2.51;as received;28.43;;;2.01;;;;;;;;;;;;;;;;;;;;;;;;;;;3
246;Organic;4;Plant based ;Gooseberries;;;;3.95;as received;87.87;;;0.49;;;;;;;;;;;;;;;;;;;;;;;;;;;3
247;Organic;4;Plant based ;Grapefruit;;;;3.96;as received;90.89;;;0.31;;;;;;;;;;;;;;;;;;;;;;;;;;;3
248;Organic;4;Plant based ;Grapes;American typ;;;3.71;as received;81.3;;;0.57;;;;;;;;;;;;;;;;;;;;;;;;;;;3
249;Organic;4;Plant based ;Grapes;European type;;;3.7;as received;80.56;;;0.44;;;;;;;;;;;;;;;;;;;;;;;;;;;3
250;Organic;4;Plant based ;Lemons;;;;3.94;as received;87.4;;;0.4;;;;;;;;;;;;;;;;;;;;;;;;;;;3
251;Organic;4;Plant based ;Limes;;;;3.93;as received;88.26;;;0.3;;;;;;;;;;;;;;;;;;;;;;;;;;;3
252;Organic;4;Plant based ;Mangos;;;;3.74;as received;81.71;;;0.5;;;;;;;;;;;;;;;;;;;;;;;;;;;3
253;Organic;4;Plant based ;Melons;casaba;;;3.99;as received;92;;;0.8;;;;;;;;;;;;;;;;;;;;;;;;;;;3
254;Organic;4;Plant based ;Melons;honeydew;;;3.92;as received;89.66;;;0.6;;;;;;;;;;;;;;;;;;;;;;;;;;;3
255;Organic;4;Plant based ;Melons;watermelon;;;3.97;as received;91.51;;;0.5;;;;;;;;;;;;;;;;;;;;;;;;;;;3
256;Organic;4;Plant based ;Nectarines;;;;3.86;as received;86.28;;;0.54;;;;;;;;;;;;;;;;;;;;;;;;;;;3
257;Organic;4;Plant based ;Olives;;;;3.76;as received;79.99;;;2.23;;;;;;;;;;;;;;;;;;;;;;;;;;;3
258;Organic;4;Plant based ;Oranges;;;;3.81;as received;82.3;;;0.6;;;;;;;;;;;;;;;;;;;;;;;;;;;3
259;Organic;4;Plant based ;Peaches;fresh;;;3.91;as received;87.66;;;0.46;;;;;;;;;;;;;;;;;;;;;;;;;;;3
260;Organic;4;Plant based ;Peaches;dried;;;2.57;as received;31.8;;;2.5;;;;;;;;;;;;;;;;;;;;;;;;;;;3
261;Organic;4;Plant based ;Pears;;;;3.8;as received;83.81;;;0.28;;;;;;;;;;;;;;;;;;;;;;;;;;;3
262;Organic;4;Plant based ;Persimmons;;;;3.26;as received;64.4;;;0.9;;;;;;;;;;;;;;;;;;;;;;;;;;;3
263;Organic;4;Plant based ;Pineapples;;;;3.85;as received;86.5;;;0.29;;;;;;;;;;;;;;;;;;;;;;;;;;;3
264;Organic;4;Plant based ;Plums;;;;3.83;as received;85.2;;;0.39;;;;;;;;;;;;;;;;;;;;;;;;;;;3
265;Organic;4;Plant based ;Pomegranates;;;;3.7;as received;80.97;;;0.61;;;;;;;;;;;;;;;;;;;;;;;;;;;3
266;Organic;4;Plant based ;Prunes;dried;;;2.56;as received;32.39;;;1.76;;;;;;;;;;;;;;;;;;;;;;;;;;;3
267;Organic;4;Plant based ;Quinces;;;;3.79;as received;83.8;;;0.4;;;;;;;;;;;;;;;;;;;;;;;;;;;3
268;Organic;4;Plant based ;Raisins;seedless;;;2.07;as received;15.42;;;1.77;;;;;;;;;;;;;;;;;;;;;;;;;;;3
269;Organic;4;Plant based ;Raspberries;;;;3.96;as received;86.57;;;0.4;;;;;;;;;;;;;;;;;;;;;;;;;;;3
270;Organic;4;Plant based ;Strawberries;;;;4;as received;91.57;;;0.43;;;;;;;;;;;;;;;;;;;;;;;;;;;3
271;Organic;4;Plant based ;Tangerines;;;;3.9;as received;87.6;;;;;;;;;;;;;;;;;;;;;;;;;;;;;;3
272;Organic;4;Plant based ;Almonds;;;;2.2;as received;4.42;;;3.03;;;;;;;;;;;;;;;;;;;;;;;;;;;3
273;Organic;4;Plant based ;Filberts;;;;2.09;as received;5.42;;;3.61;;;;;;;;;;;;;;;;;;;;;;;;;;;3
274;Organic;4;Plant based ;Peanuts;raw;;;2.23;as received;6.5;;;2.33;;;;;;;;;;;;;;;;;;;;;;;;;;;3
275;Organic;4;Plant based ;Peanuts;dry roasted with salt;;;2.08;as received;1.55;;;3.6;;;;;;;;;;;;;;;;;;;;;;;;;;;3
276;Organic;4;Plant based ;Pecans;;;;2.17;as received;4.82;;;1.56;;;;;;;;;;;;;;;;;;;;;;;;;;;3
277;Organic;4;Plant based ;Apples; (at 8°C);;0.418;;as received;;;;;;;;;;;;;;;;;;;;;;;;;;;;;;;3
278;Organic;4;Plant based ;Apples;dried (at 23°C);0.86;0.219;;as received;41.6;;;;;;;;;;;;;;;;;;;;;;;;;;;;;;3
279;Organic;4;Plant based ;Apple;juice (at 20°C);;0.559;;as received;87;;;;;;;;;;;;;;;;;;;;;;;;;;;;;;3
280;Organic;4;Plant based ;Applesauce; (at 29°C);;0.549;;as received;;;;;;;;;;;;;;;;;;;;;;;;;;;;;;;3
281;Organic;4;Plant based ;Apricots,;dried (at 23°C);1.32;0.375;;as received;43.6;;;;;;;;;;;;;;;;;;;;;;;;;;;;;;3
282;Organic;4;Plant based ;Beans,;runner (at 9°C);0.75;0.398;;as received;;;;;;;;;;;;;;;;;;;;;;;;;;;;;;;3
283;Organic;4;Plant based ;Beets; (at 28°C);;0.601;;as received;87.6;;;;;;;;;;;;;;;;;;;;;;;;;;;;;;3
284;Organic;4;Plant based ;Dates; (at 23°C);1.32;0.337;;as received;34.5;;;;;;;;;;;;;;;;;;;;;;;;;;;;;;3
285;Organic;4;Plant based ;Figs; (at 23°C);1.24;0.31;;as received;40.4;;;;;;;;;;;;;;;;;;;;;;;;;;;;;;3
286;Organic;4;Plant based ;Grapefruit;juice vesicle (at 30°C);;0.462;;as received;;;;;;;;;;;;;;;;;;;;;;;;;;;;;;;3
287;Organic;4;Plant based ;Grapefruit;rind (at 28°C);;0.237;;as received;;;;;;;;;;;;;;;;;;;;;;;;;;;;;;;3
288;Organic;4;Plant based ;Grape;green, juice (at 20°C);;0.567;;as received;89;;;;;;;;;;;;;;;;;;;;;;;;;;;;;;3
289;Organic;4;Plant based ;Grape;jelly (at 20°C);1.32;0.391;;as received;42;;;;;;;;;;;;;;;;;;;;;;;;;;;;;;3
290;Organic;4;Plant based ;Nectarines; (at 8.6°C);;0.585;;as received;82.9;;;;;;;;;;;;;;;;;;;;;;;;;;;;;;3
291;Organic;4;Plant based ;Onions; (at 8.6°C);;0.575;;as received;;;;;;;;;;;;;;;;;;;;;;;;;;;;;;;3
292;Organic;4;Plant based ;Orange;juice vesicle (at 30°C);;0.435;;as received;;;;;;;;;;;;;;;;;;;;;;;;;;;;;;;3
293;Organic;4;Plant based ;Orange;rind (at 30°C);;0.179;;as received;;;;;;;;;;;;;;;;;;;;;;;;;;;;;;;3
294;Organic;4;Plant based ;Peas; (at 7°C);0.7;0.315;;as received;;;;;;;;;;;;;;;;;;;;;;;;;;;;;;;3
295;Organic;4;Plant based ;Peaches;dried (at 23°C);1.26;0.361;;as received;43.4;;;;;;;;;;;;;;;;;;;;;;;;;;;;;;3
296;Organic;4;Plant based ;Pears; (at 8.7°C);;0.595;;as received;;;;;;;;;;;;;;;;;;;;;;;;;;;;;;;3
297;Organic;4;Plant based ;Pear;juice (at 20°C);;0.55;;as received;85;;;;;;;;;;;;;;;;;;;;;;;;;;;;;;3
298;Organic;4;Plant based ;Potato;salad (at 2°C);1.01;0.479;;as received;;;;;;;;;;;;;;;;;;;;;;;;;;;;;;;3
299;Organic;4;Plant based ;Prunes; (at 23°C);1.22;0.375;;as received;42.9;;;;;;;;;;;;;;;;;;;;;;;;;;;;;;3
300;Organic;4;Plant based ;Raisins; (at 23°C);1.38;0.336;;as received;32.2;;;;;;;;;;;;;;;;;;;;;;;;;;;;;;3
301;Organic;4;Plant based ;Strawberry;jam (at 20°C);1.31;0.338;;as received;41;;;;;;;;;;;;;;;;;;;;;;;;;;;;;;3
302;Organic;4;Plant based ;Squash; (at 8°C);;0.502;;as received;;;;;;;;;;;;;;;;;;;;;;;;;;;;;;;3
303;Organic;4;Plant based ;Corn;yellow (at 32°C);0.75;0.14;;as received;0.9;;;;;;;;;;;;;;;;;;;;;;;;;;;;;;3
304;Organic;4;Plant based ;Corn;yellow (at 32°C);0.75;0.159;;as received;14.7;;;;;;;;;;;;;;;;;;;;;;;;;;;;;;3
305;Organic;4;Plant based ;Corn;yellow (at 32°C);0.68;0.172;;as received;30.2;;;;;;;;;;;;;;;;;;;;;;;;;;;;;;3
306;Organic;4;Plant based ;Flaxseed; (at 32°C);0.66;0.115;;as received;;;;;;;;;;;;;;;;;;;;;;;;;;;;;;;3
307;Organic;4;Plant based ;Oats;white English (at 27°C);;0.13;;as received;12.7;;;;;;;;;;;;;;;;;;;;;;;;;;;;;;3
308;Organic;4;Plant based ;Sorghum; (at 5°C);;0.131;;as received;13;;;;;;;;;;;;;;;;;;;;;;;;;;;;;;3
309;Organic;4;Plant based ;Sorghum;;;0.15;;as received;22;;;;;;;;;;;;;;;;;;;;;;;;;;;;;;3
310;Organic;4;Plant based ;Wheat ;No. 1 northern  (at 34°C);;0.135;;as received;2;;;;;;;;;;;;;;;;;;;;;;;;;;;;;;3
311;Organic;4;Plant based ;Wheat ;hard spring (at °C);;0.149;;as received;7;;;;;;;;;;;;;;;;;;;;;;;;;;;;;;3
312;Organic;4;Plant based ;Wheat ;hard spring (at °C);;0.155;;as received;10;;;;;;;;;;;;;;;;;;;;;;;;;;;;;;3
313;Organic;4;Plant based ;Wheat ;hard spring (at °C);;0.168;;as received;14;;;;;;;;;;;;;;;;;;;;;;;;;;;;;;3
314;Organic;4;Plant based ;Wheat ;soft white winter (at 31°C);0.78;0.121;;as received;5;;;;;;;;;;;;;;;;;;;;;;;;;;;;;;3
315;Organic;4;Plant based ;Wheat ;soft white winter (at 31°C);;0.129;;as received;10;;;;;;;;;;;;;;;;;;;;;;;;;;;;;;3
316;Organic;4;Plant based ;Wheat ;soft white winter (at 31°C);;0.137;;as received;15;;;;;;;;;;;;;;;;;;;;;;;;;;;;;;3
317;Organic;4;Plant based ;Appel;average value;0.78;;;;;;;;;;;;;;;;;;;;;;;;;;;;;;;;;;1
318;Organic;4;Plant based ;Sweet-lime;average value;0.912308856;;;;;;;;;;;;;;;;;;;;;;;;;;;;;;;;;;1
319;Organic;4;Plant based ;Lemon;average value;0.901654437;;;;;;;;;;;;;;;;;;;;;;;;;;;;;;;;;;1
320;Organic;4;Plant based ;Orange;average value;0.815396611;;;;;;;;;;;;;;;;;;;;;;;;;;;;;;;;;;1
321;Organic;4;Plant based ;Pomegranate ;average value;1.003;;;as received;71.47;;;;;;;;;;;;;;;;;;;;;;;;;;;;;;2
322;Organic;4;Plant based ;Pomegranate arils;average value;1.046;;;as received;81.38;;;;;;;;;;;;;;;;;;;;;;;;;;;;;;2
323;Organic;4;Plant based ;Coffee, green (beans)   ;;0.615;;;;;;;;;;;;;;;;;;;;;;;;;;;;;;;;;;4
324;Organic;4;Plant based ;Coffee, powder (nescafé)   ;;0.25;;;;;;;;;;;;;;;;;;;;;;;;;;;;;;;;;;4
325;Organic;4;Plant based ;Coffee, roasted (beans)   ;;0.365;;;;;;;;;;;;;;;;;;;;;;;;;;;;;;;;;;4
326;Organic;4;Plant based ;Powder, chocolate drinking powder  ;;0.525;;;;;;;;;;;;;;;;;;;;;;;;;;;;;;;;;;4
327;Organic;4;Plant based ;Powders     ;;0.225;;;;;;;;;;;;;;;;;;;;;;;;;;;;;;;;;;4
328;Organic;4;Plant based ;Tea, black (tea leaves)  ;;0.48;;;;;;;;;;;;;;;;;;;;;;;;;;;;;;;;;;4
329;Organic;4;Plant based ;Tea, herbal, Ciakimora leaves  ;;0.23;;;;;;;;;;;;;;;;;;;;;;;;;;;;;;;;;;4
330;Organic;4;Plant based ;Tea, flakes    ;;0.38;;;;;;;;;;;;;;;;;;;;;;;;;;;;;;;;;;4
331;Organic;4;Plant based ;Tea, powdered    ;;0.43;;;;;;;;;;;;;;;;;;;;;;;;;;;;;;;;;;4
332;Organic;4;Plant based ;Barley     ;;0.62;;;;;;;;;;;;;;;;;;;;;;;;;;;;;;;;;;4
333;Organic;4;Plant based ;Barley malt, flour   ;;0.72;;;;;;;;;;;;;;;;;;;;;;;;;;;;;;;;;;4
334;Organic;4;Plant based ;Barley, fine ground   ;;0.74;;;;;;;;;;;;;;;;;;;;;;;;;;;;;;;;;;4
335;Organic;4;Plant based ;Barley, meal    ;;0.45;;;;;;;;;;;;;;;;;;;;;;;;;;;;;;;;;;4
336;Organic;4;Plant based ;Barley, flour    ;;0.61;;;;;;;;;;;;;;;;;;;;;;;;;;;;;;;;;;4
337;Organic;4;Plant based ;Barley, flour, malted   ;;0.64;;;;;;;;;;;;;;;;;;;;;;;;;;;;;;;;;;4
338;Organic;4;Plant based ;Barley, ground    ;;0.4;;;;;;;;;;;;;;;;;;;;;;;;;;;;;;;;;;4
339;Organic;4;Plant based ;Barley, malted    ;;0.49;;;;;;;;;;;;;;;;;;;;;;;;;;;;;;;;;;4
340;Organic;4;Plant based ;Barley, rolled    ;;0.36;;;;;;;;;;;;;;;;;;;;;;;;;;;;;;;;;;4
341;Organic;4;Plant based ;Barley, scoured    ;;0.66;;;;;;;;;;;;;;;;;;;;;;;;;;;;;;;;;;4
342;Organic;4;Plant based ;Barley, whole    ;;0.65;;;;;;;;;;;;;;;;;;;;;;;;;;;;;;;;;;4
343;Organic;4;Plant based ;Biscuits     ;;0.47;;;;;;;;;;;;;;;;;;;;;;;;;;;;;;;;;;4
344;Organic;4;Plant based ;Bran     ;;0.56;;;;;;;;;;;;;;;;;;;;;;;;;;;;;;;;;;4
345;Organic;4;Plant based ;Bread     ;;0.29;;;;;;;;;;;;;;;;;;;;;;;;;;;;;;;;;;4
346;Organic;4;Plant based ;Bread, cornbread    ;;0.433;;;;;;;;;;;;;;;;;;;;;;;;;;;;;;;;;;4
347;Organic;4;Plant based ;Bread, roll, soft   ;;0.18;;;;;;;;;;;;;;;;;;;;;;;;;;;;;;;;;;4
348;Organic;4;Plant based ;Bread, white    ;;0.42;;;;;;;;;;;;;;;;;;;;;;;;;;;;;;;;;;4
349;Organic;4;Plant based ;Bread, white, sliced, prepacked  ;;0.29;;;;;;;;;;;;;;;;;;;;;;;;;;;;;;;;;;4
350;Organic;4;Plant based ;Breadcrumbs     ;;0.45;;;;;;;;;;;;;;;;;;;;;;;;;;;;;;;;;;4
351;Organic;4;Plant based ;Breakfast cereal, cornflakes (dry cereal) ;;0.117;;;;;;;;;;;;;;;;;;;;;;;;;;;;;;;;;;4
352;Organic;4;Plant based ;Breakfast cereal, muesli w/ fruits&nuts ;;0.37;;;;;;;;;;;;;;;;;;;;;;;;;;;;;;;;;;4
353;Organic;4;Plant based ;Breakfast cereal, raisin bran  ;;0.26;;;;;;;;;;;;;;;;;;;;;;;;;;;;;;;;;;4
354;Organic;4;Plant based ;Breakfast cereal, type Cheerios  ;;0.13;;;;;;;;;;;;;;;;;;;;;;;;;;;;;;;;;;4
355;Organic;4;Plant based ;Breakfast cereal, type Corn flakes ;;0.1;;;;;;;;;;;;;;;;;;;;;;;;;;;;;;;;;;4
356;Organic;4;Plant based ;Breakfast cereal, type Crispix  ;;0.13;;;;;;;;;;;;;;;;;;;;;;;;;;;;;;;;;;4
357;Organic;4;Plant based ;Breakfast cereal, type frosted flakes ;;0.18;;;;;;;;;;;;;;;;;;;;;;;;;;;;;;;;;;4
358;Organic;4;Plant based ;Breakfast cereal, type Just Right ;;0.24;;;;;;;;;;;;;;;;;;;;;;;;;;;;;;;;;;4
359;Organic;4;Plant based ;Breakfast cereal, type rice krispies ;;0.12;;;;;;;;;;;;;;;;;;;;;;;;;;;;;;;;;;4
360;Organic;4;Plant based ;Buckwheat, bran    ;;0.25;;;;;;;;;;;;;;;;;;;;;;;;;;;;;;;;;;4
361;Organic;4;Plant based ;Buckwheat, flour    ;;0.66;;;;;;;;;;;;;;;;;;;;;;;;;;;;;;;;;;4
362;Organic;4;Plant based ;Buckwheat, whole    ;;0.625;;;;;;;;;;;;;;;;;;;;;;;;;;;;;;;;;;4
363;Organic;4;Plant based ;Bulrush mille, fermented flour  ;;0.56;;;;;;;;;;;;;;;;;;;;;;;;;;;;;;;;;;4
364;Organic;4;Plant based ;Cake     ;;0.415;;;;;;;;;;;;;;;;;;;;;;;;;;;;;;;;;;4
365;Organic;4;Plant based ;Cake mix    ;;0.7;;;;;;;;;;;;;;;;;;;;;;;;;;;;;;;;;;4
366;Organic;4;Plant based ;Corn/maize flour, white   ;;0.55;;;;;;;;;;;;;;;;;;;;;;;;;;;;;;;;;;4
367;Organic;4;Plant based ;Corn/maize starch, loosely packed  ;;0.54;;;;;;;;;;;;;;;;;;;;;;;;;;;;;;;;;;4
368;Organic;4;Plant based ;Corn/maize sugar    ;;0.33;;;;;;;;;;;;;;;;;;;;;;;;;;;;;;;;;;4
369;Organic;4;Plant based ;Corn/maize, boiled    ;;0.9;;;;;;;;;;;;;;;;;;;;;;;;;;;;;;;;;;4
370;Organic;4;Plant based ;Corn/maize, boiled with fat  ;;0.9;;;;;;;;;;;;;;;;;;;;;;;;;;;;;;;;;;4
371;Organic;4;Plant based ;Corn/maize, bran    ;;0.21;;;;;;;;;;;;;;;;;;;;;;;;;;;;;;;;;;4
372;Organic;4;Plant based ;Corn/maize, chops (coarse)   ;;0.66;;;;;;;;;;;;;;;;;;;;;;;;;;;;;;;;;;4
373;Organic;4;Plant based ;Corn/maize, chops (fine)   ;;0.6;;;;;;;;;;;;;;;;;;;;;;;;;;;;;;;;;;4
374;Organic;4;Plant based ;Corn/maize, chops (medium)   ;;0.64;;;;;;;;;;;;;;;;;;;;;;;;;;;;;;;;;;4
375;Organic;4;Plant based ;Corn/maize, cobs    ;;0.27;;;;;;;;;;;;;;;;;;;;;;;;;;;;;;;;;;4
376;Organic;4;Plant based ;Corn/maize, cracked (coarse)   ;;0.64;;;;;;;;;;;;;;;;;;;;;;;;;;;;;;;;;;4
377;Organic;4;Plant based ;Corn/maize, ear    ;;0.9;;;;;;;;;;;;;;;;;;;;;;;;;;;;;;;;;;4
378;Organic;4;Plant based ;Corn/maize, ear    ;;0.9;;;;;;;;;;;;;;;;;;;;;;;;;;;;;;;;;;4
379;Organic;4;Plant based ;Corn/maize, fermented flour   ;;0.55;;;;;;;;;;;;;;;;;;;;;;;;;;;;;;;;;;4
380;Organic;4;Plant based ;Corn/maize, flour    ;;0.82;;;;;;;;;;;;;;;;;;;;;;;;;;;;;;;;;;4
381;Organic;4;Plant based ;Corn/maize, meal    ;;0.64;;;;;;;;;;;;;;;;;;;;;;;;;;;;;;;;;;4
382;Organic;4;Plant based ;Corn/maize, flour    ;;0.62;;;;;;;;;;;;;;;;;;;;;;;;;;;;;;;;;;4
383;Organic;4;Plant based ;Corn/maize, germ flour   ;;0.56;;;;;;;;;;;;;;;;;;;;;;;;;;;;;;;;;;4
384;Organic;4;Plant based ;Corn/maize, gluten flour   ;;0.6;;;;;;;;;;;;;;;;;;;;;;;;;;;;;;;;;;4
385;Organic;4;Plant based ;Corn/maize, grits    ;;0.665;;;;;;;;;;;;;;;;;;;;;;;;;;;;;;;;;;4
386;Organic;4;Plant based ;Corn/maize, ground    ;;0.56;;;;;;;;;;;;;;;;;;;;;;;;;;;;;;;;;;4
387;Organic;4;Plant based ;Corn/maize, kibbled    ;;0.335;;;;;;;;;;;;;;;;;;;;;;;;;;;;;;;;;;4
388;Organic;4;Plant based ;Corn/maize, mash    ;;0.72;;;;;;;;;;;;;;;;;;;;;;;;;;;;;;;;;;4
389;Organic;4;Plant based ;Corn/maize, shelled    ;;0.72;;;;;;;;;;;;;;;;;;;;;;;;;;;;;;;;;;4
390;Organic;4;Plant based ;Corn/maize, starch    ;;0.67;;;;;;;;;;;;;;;;;;;;;;;;;;;;;;;;;;4
391;Organic;4;Plant based ;Corn/maize, starch, tightly packed  ;;0.63;;;;;;;;;;;;;;;;;;;;;;;;;;;;;;;;;;4
392;Organic;4;Plant based ;Corn/maize, white, boiled   ;;0.85;;;;;;;;;;;;;;;;;;;;;;;;;;;;;;;;;;4
393;Organic;4;Plant based ;Corn/maize, white, dry   ;;0.81;;;;;;;;;;;;;;;;;;;;;;;;;;;;;;;;;;4
394;Organic;4;Plant based ;Corn/maize, whole kernel, dried, cracked (Njenga);;0.81;;;;;;;;;;;;;;;;;;;;;;;;;;;;;;;;;;4
395;Organic;4;Plant based ;Corn/maize, whole kernel, dried, cracked, boiled (Njenga);;1.07;;;;;;;;;;;;;;;;;;;;;;;;;;;;;;;;;;4
396;Organic;4;Plant based ;Corn/maize, whole shelled   ;;0.72;;;;;;;;;;;;;;;;;;;;;;;;;;;;;;;;;;4
397;Organic;4;Plant based ;Donut mix    ;;0.64;;;;;;;;;;;;;;;;;;;;;;;;;;;;;;;;;;4
398;Organic;4;Plant based ;Dough mix    ;;0.59;;;;;;;;;;;;;;;;;;;;;;;;;;;;;;;;;;4
399;Organic;4;Plant based ;Finger millet, fermented flour  ;;0.61;;;;;;;;;;;;;;;;;;;;;;;;;;;;;;;;;;4
400;Organic;4;Plant based ;Millet     ;;0.64;;;;;;;;;;;;;;;;;;;;;;;;;;;;;;;;;;4
401;Organic;4;Plant based ;Millet     ;;0.64;;;;;;;;;;;;;;;;;;;;;;;;;;;;;;;;;;4
402;Organic;4;Plant based ;Millet flour, bulrush   ;;0.56;;;;;;;;;;;;;;;;;;;;;;;;;;;;;;;;;;4
403;Organic;4;Plant based ;Millet flour, finger   ;;0.61;;;;;;;;;;;;;;;;;;;;;;;;;;;;;;;;;;4
404;Organic;4;Plant based ;Millet, bulrush    ;;0.9;;;;;;;;;;;;;;;;;;;;;;;;;;;;;;;;;;4
405;Organic;4;Plant based ;Millet, finger    ;;0.81;;;;;;;;;;;;;;;;;;;;;;;;;;;;;;;;;;4
406;Organic;4;Plant based ;Oat Flour    ;;0.53;;;;;;;;;;;;;;;;;;;;;;;;;;;;;;;;;;4
407;Organic;4;Plant based ;Oat middlings    ;;0.61;;;;;;;;;;;;;;;;;;;;;;;;;;;;;;;;;;4
408;Organic;4;Plant based ;Oats     ;;0.41;;;;;;;;;;;;;;;;;;;;;;;;;;;;;;;;;;4
409;Organic;4;Plant based ;Oats     ;;0.43;;;;;;;;;;;;;;;;;;;;;;;;;;;;;;;;;;4
410;Organic;4;Plant based ;Oats groats, whole   ;;0.74;;;;;;;;;;;;;;;;;;;;;;;;;;;;;;;;;;4
411;Organic;4;Plant based ;Oats, ground    ;;0.46;;;;;;;;;;;;;;;;;;;;;;;;;;;;;;;;;;4
412;Organic;4;Plant based ;Oats, hulls    ;;0.13;;;;;;;;;;;;;;;;;;;;;;;;;;;;;;;;;;4
413;Organic;4;Plant based ;Oats, rolled    ;;0.34;;;;;;;;;;;;;;;;;;;;;;;;;;;;;;;;;;4
414;Organic;4;Plant based ;Pasta, short macaroni style, boiled ;;0.55;;;;;;;;;;;;;;;;;;;;;;;;;;;;;;;;;;4
415;Organic;4;Plant based ;Pasta, short macaroni style, raw ;;0.39;;;;;;;;;;;;;;;;;;;;;;;;;;;;;;;;;;4
416;Organic;4;Plant based ;Pasta/ noodles, boiled   ;;0.59;;;;;;;;;;;;;;;;;;;;;;;;;;;;;;;;;;4
417;Organic;4;Plant based ;Porridge flour bonavist, boiled  ;;0.73;;;;;;;;;;;;;;;;;;;;;;;;;;;;;;;;;;4
418;Organic;4;Plant based ;Porridge flour bonavist, raw  ;;0.84;;;;;;;;;;;;;;;;;;;;;;;;;;;;;;;;;;4
419;Organic;4;Plant based ;Porridge flour ken-uji + lemon extract;;0.54;;;;;;;;;;;;;;;;;;;;;;;;;;;;;;;;;;4
420;Organic;4;Plant based ;Porridge flour ken-uji:F.mill, bul, sorg, wheat;;0.6;;;;;;;;;;;;;;;;;;;;;;;;;;;;;;;;;;4
421;Organic;4;Plant based ;Porridge, maize, flour + water ;;1.05;;;;;;;;;;;;;;;;;;;;;;;;;;;;;;;;;;4
422;Organic;4;Plant based ;Rice     ;;0.72;;;;;;;;;;;;;;;;;;;;;;;;;;;;;;;;;;4
423;Organic;4;Plant based ;Rice, boiled    ;;0.73;;;;;;;;;;;;;;;;;;;;;;;;;;;;;;;;;;4
424;Organic;4;Plant based ;Rice, boiled with fat  ;;0.7;;;;;;;;;;;;;;;;;;;;;;;;;;;;;;;;;;4
425;Organic;4;Plant based ;Rice, bran    ;;0.42;;;;;;;;;;;;;;;;;;;;;;;;;;;;;;;;;;4
426;Organic;4;Plant based ;Rice, hulled    ;;0.75;;;;;;;;;;;;;;;;;;;;;;;;;;;;;;;;;;4
427;Organic;4;Plant based ;Rice, puffed    ;;0.1;;;;;;;;;;;;;;;;;;;;;;;;;;;;;;;;;;4
428;Organic;4;Plant based ;Rice, raw    ;;0.85;;;;;;;;;;;;;;;;;;;;;;;;;;;;;;;;;;4
429;Organic;4;Plant based ;Rice, rough    ;;0.58;;;;;;;;;;;;;;;;;;;;;;;;;;;;;;;;;;4
430;Organic;4;Plant based ;Rice, white, boiled   ;;0.73;;;;;;;;;;;;;;;;;;;;;;;;;;;;;;;;;;4
431;Organic;4;Plant based ;Rice, white, raw   ;;0.82;;;;;;;;;;;;;;;;;;;;;;;;;;;;;;;;;;4
432;Organic;4;Plant based ;Rye     ;;0.72;;;;;;;;;;;;;;;;;;;;;;;;;;;;;;;;;;4
433;Organic;4;Plant based ;Rye, bran    ;;0.28;;;;;;;;;;;;;;;;;;;;;;;;;;;;;;;;;;4
434;Organic;4;Plant based ;Rye, flour    ;;0.67;;;;;;;;;;;;;;;;;;;;;;;;;;;;;;;;;;4
435;Organic;4;Plant based ;Rye, malted    ;;0.51;;;;;;;;;;;;;;;;;;;;;;;;;;;;;;;;;;4
436;Organic;4;Plant based ;Rye, middlings    ;;0.67;;;;;;;;;;;;;;;;;;;;;;;;;;;;;;;;;;4
437;Organic;4;Plant based ;Rye, shorts    ;;0.54;;;;;;;;;;;;;;;;;;;;;;;;;;;;;;;;;;4
438;Organic;4;Plant based ;Rye, whole    ;;0.705;;;;;;;;;;;;;;;;;;;;;;;;;;;;;;;;;;4
439;Organic;4;Plant based ;Semolina, raw    ;;0.78;;;;;;;;;;;;;;;;;;;;;;;;;;;;;;;;;;4
440;Organic;4;Plant based ;Sorghum, fermented flour   ;;0.54;;;;;;;;;;;;;;;;;;;;;;;;;;;;;;;;;;4
441;Organic;4;Plant based ;Sorghum, flour    ;;0.54;;;;;;;;;;;;;;;;;;;;;;;;;;;;;;;;;;4
442;Organic;4;Plant based ;Sorghum, seed    ;;0.535;;;;;;;;;;;;;;;;;;;;;;;;;;;;;;;;;;4
443;Organic;4;Plant based ;Soy, flour    ;;0.7;;;;;;;;;;;;;;;;;;;;;;;;;;;;;;;;;;4
444;Organic;4;Plant based ;Soya, flour    ;;0.64;;;;;;;;;;;;;;;;;;;;;;;;;;;;;;;;;;4
445;Organic;4;Plant based ;Wheat     ;;0.77;;;;;;;;;;;;;;;;;;;;;;;;;;;;;;;;;;4
446;Organic;4;Plant based ;Wheat, bran    ;;0.2;;;;;;;;;;;;;;;;;;;;;;;;;;;;;;;;;;4
447;Organic;4;Plant based ;Wheat, cracked    ;;0.56;;;;;;;;;;;;;;;;;;;;;;;;;;;;;;;;;;4
448;Organic;4;Plant based ;Wheat, cut    ;;0.74;;;;;;;;;;;;;;;;;;;;;;;;;;;;;;;;;;4
449;Organic;4;Plant based ;Wheat, flour    ;;0.48;;;;;;;;;;;;;;;;;;;;;;;;;;;;;;;;;;4
450;Organic;4;Plant based ;Wheat, flour    ;;0.58;;;;;;;;;;;;;;;;;;;;;;;;;;;;;;;;;;4
451;Organic;4;Plant based ;Wheat, flour    ;;0.67;;;;;;;;;;;;;;;;;;;;;;;;;;;;;;;;;;4
452;Organic;4;Plant based ;Wheat, flour    ;;0.521;;;;;;;;;;;;;;;;;;;;;;;;;;;;;;;;;;4
453;Organic;4;Plant based ;Wheat, flour, malted   ;;0.66;;;;;;;;;;;;;;;;;;;;;;;;;;;;;;;;;;4
454;Organic;4;Plant based ;Wheat, flour, white   ;;0.67;;;;;;;;;;;;;;;;;;;;;;;;;;;;;;;;;;4
455;Organic;4;Plant based ;Wheat, flour, wholemeal   ;;0.55;;;;;;;;;;;;;;;;;;;;;;;;;;;;;;;;;;4
456;Organic;4;Plant based ;Wheat, gluten    ;;0.69;;;;;;;;;;;;;;;;;;;;;;;;;;;;;;;;;;4
457;Organic;4;Plant based ;Wheat, hulls    ;;0.7;;;;;;;;;;;;;;;;;;;;;;;;;;;;;;;;;;4
458;Organic;4;Plant based ;Wheat, middlings    ;;0.24;;;;;;;;;;;;;;;;;;;;;;;;;;;;;;;;;;4
459;Organic;4;Plant based ;Wheat, shaved    ;;0.54;;;;;;;;;;;;;;;;;;;;;;;;;;;;;;;;;;4
460;Organic;4;Plant based ;Wheat, whole    ;;0.775;;;;;;;;;;;;;;;;;;;;;;;;;;;;;;;;;;4
461;Organic;4;Plant based ;Whey     ;;0.56;;;;;;;;;;;;;;;;;;;;;;;;;;;;;;;;;;4
462;Organic;4;Plant based ;Arrowroot/cocoyam, boiled    ;;0.54;;;;;;;;;;;;;;;;;;;;;;;;;;;;;;;;;;4
463;Organic;4;Plant based ;Arrowroot/cocoyam, raw    ;;0.52;;;;;;;;;;;;;;;;;;;;;;;;;;;;;;;;;;4
464;Organic;4;Plant based ;Cassava,flour     ;;0.55;;;;;;;;;;;;;;;;;;;;;;;;;;;;;;;;;;4
465;Organic;4;Plant based ;Cassava, boiled    ;;0.63;;;;;;;;;;;;;;;;;;;;;;;;;;;;;;;;;;4
466;Organic;4;Plant based ;Cassava, raw    ;;0.63;;;;;;;;;;;;;;;;;;;;;;;;;;;;;;;;;;4
467;Organic;4;Plant based ;Potato, english, boiled   ;;0.59;;;;;;;;;;;;;;;;;;;;;;;;;;;;;;;;;;4
468;Organic;4;Plant based ;Potato, english, raw   ;;0.59;;;;;;;;;;;;;;;;;;;;;;;;;;;;;;;;;;4
469;Organic;4;Plant based ;Potatoes, flakes    ;;0.21;;;;;;;;;;;;;;;;;;;;;;;;;;;;;;;;;;4
470;Organic;4;Plant based ;Potatoes, powdered    ;;0.77;;;;;;;;;;;;;;;;;;;;;;;;;;;;;;;;;;4
471;Organic;4;Plant based ;Sweet potato, boiled   ;;0.65;;;;;;;;;;;;;;;;;;;;;;;;;;;;;;;;;;4
472;Organic;4;Plant based ;Sweet potato, raw   ;;0.44;;;;;;;;;;;;;;;;;;;;;;;;;;;;;;;;;;4
473;Organic;4;Plant based ;Yam, boiled    ;;0.79;;;;;;;;;;;;;;;;;;;;;;;;;;;;;;;;;;4
474;Organic;4;Plant based ;Yam, raw    ;;0.66;;;;;;;;;;;;;;;;;;;;;;;;;;;;;;;;;;4
475;Organic;4;Plant based ;Almonds     ;;0.46;;;;;;;;;;;;;;;;;;;;;;;;;;;;;;;;;;4
476;Organic;4;Plant based ;Cashews     ;;0.5;;;;;;;;;;;;;;;;;;;;;;;;;;;;;;;;;;4
477;Organic;4;Plant based ;Coconut Chips    ;;0.61;;;;;;;;;;;;;;;;;;;;;;;;;;;;;;;;;;4
478;Organic;4;Plant based ;Flaxseed     ;;0.7;;;;;;;;;;;;;;;;;;;;;;;;;;;;;;;;;;4
479;Organic;4;Plant based ;Nuts     ;;0.63;;;;;;;;;;;;;;;;;;;;;;;;;;;;;;;;;;4
480;Organic;4;Plant based ;Peanuts     ;;0.53;;;;;;;;;;;;;;;;;;;;;;;;;;;;;;;;;;4
481;Organic;4;Plant based ;Peanuts, shelled    ;;0.69;;;;;;;;;;;;;;;;;;;;;;;;;;;;;;;;;;4
482;Organic;4;Plant based ;Peanuts, unshelled    ;;0.325;;;;;;;;;;;;;;;;;;;;;;;;;;;;;;;;;;4
483;Organic;4;Plant based ;Pistachio, raw, with shell  ;;0.6;;;;;;;;;;;;;;;;;;;;;;;;;;;;;;;;;;4
484;Organic;4;Plant based ;Pistachio, raw, without shell  ;;0.646;;;;;;;;;;;;;;;;;;;;;;;;;;;;;;;;;;4
485;Organic;4;Plant based ;Rapeseed     ;;0.77;;;;;;;;;;;;;;;;;;;;;;;;;;;;;;;;;;4
486;Organic;4;Plant based ;Sunflower, seed    ;;0.62;;;;;;;;;;;;;;;;;;;;;;;;;;;;;;;;;;4
487;Organic;4;Plant based ;Apple slices, dried   ;;0.24;;;;;;;;;;;;;;;;;;;;;;;;;;;;;;;;;;4
488;Organic;4;Plant based ;Loquat     ;;0.6;;;;;;;;;;;;;;;;;;;;;;;;;;;;;;;;;;4
489;Organic;4;Plant based ;Paw Paw, unripe   ;;0.56;;;;;;;;;;;;;;;;;;;;;;;;;;;;;;;;;;4
490;Organic;4;Plant based ;Alfalfa, leaf, meal   ;;0.23;;;;;;;;;;;;;;;;;;;;;;;;;;;;;;;;;;4
491;Organic;4;Plant based ;Alfalfa,meal, dehydrated 0.13   ;;0.275;;;;;;;;;;;;;;;;;;;;;;;;;;;;;;;;;;4
492;Organic;4;Plant based ;Alfalfa, meal, dehydrated 0.17  ;;0.32;;;;;;;;;;;;;;;;;;;;;;;;;;;;;;;;;;4
493;Organic;4;Plant based ;Alfalfa, meal, fine ground  ;;0.295;;;;;;;;;;;;;;;;;;;;;;;;;;;;;;;;;;4
494;Organic;4;Plant based ;Alfalfa, meal, suncured 0.13  ;;0.22;;;;;;;;;;;;;;;;;;;;;;;;;;;;;;;;;;4
495;Organic;4;Plant based ;Alfalfa, seed    ;;0.745;;;;;;;;;;;;;;;;;;;;;;;;;;;;;;;;;;4
496;Organic;4;Plant based ;Alfalfa, stem meal   ;;0.19;;;;;;;;;;;;;;;;;;;;;;;;;;;;;;;;;;4
497;Organic;4;Plant based ;Carrot, raw, chopped   ;;0.54;;;;;;;;;;;;;;;;;;;;;;;;;;;;;;;;;;4
498;Organic;4;Plant based ;Carrot, raw, grated   ;;0.71;;;;;;;;;;;;;;;;;;;;;;;;;;;;;;;;;;4
499;Organic;4;Plant based ;Cauliflower, boiled    ;;0.45;;;;;;;;;;;;;;;;;;;;;;;;;;;;;;;;;;4
500;Organic;4;Plant based ;Chili, green    ;;0.5;;;;;;;;;;;;;;;;;;;;;;;;;;;;;;;;;;4
501;Organic;4;Plant based ;Chili, red    ;;0.5;;;;;;;;;;;;;;;;;;;;;;;;;;;;;;;;;;4
502;Organic;4;Plant based ;French green beans   ;;0.53;;;;;;;;;;;;;;;;;;;;;;;;;;;;;;;;;;4
503;Organic;4;Plant based ;Fresh green peas (minji)  ;;0.73;;;;;;;;;;;;;;;;;;;;;;;;;;;;;;;;;;4
504;Organic;4;Plant based ;Leaves, managu, raw (black night shade);;0.2;;;;;;;;;;;;;;;;;;;;;;;;;;;;;;;;;;4
505;Organic;4;Plant based ;Leaves, onion, spring onion, raw ;;0.44;;;;;;;;;;;;;;;;;;;;;;;;;;;;;;;;;;4
506;Organic;4;Plant based ;Corn/maize, green, sweet corn, boiled ;;0.73;;;;;;;;;;;;;;;;;;;;;;;;;;;;;;;;;;4
507;Organic;4;Plant based ;Corn/maize, green, sweet corn, raw ;;0.61;;;;;;;;;;;;;;;;;;;;;;;;;;;;;;;;;;4
508;Organic;4;Plant based ;Olives, green, with stone  ;;0.65;;;;;;;;;;;;;;;;;;;;;;;;;;;;;;;;;;4
509;Organic;4;Plant based ;Onions, chopped    ;;0.22;;;;;;;;;;;;;;;;;;;;;;;;;;;;;;;;;;4
510;Organic;4;Plant based ;Onions, minced    ;;0.13;;;;;;;;;;;;;;;;;;;;;;;;;;;;;;;;;;4
511;Organic;4;Plant based ;Onions, powdered    ;;0.4;;;;;;;;;;;;;;;;;;;;;;;;;;;;;;;;;;4
512;Organic;4;Plant based ;Onions, fried, cubed   ;;0.75;;;;;;;;;;;;;;;;;;;;;;;;;;;;;;;;;;4
513;Organic;4;Plant based ;Onions, raw, cubed   ;;0.55;;;;;;;;;;;;;;;;;;;;;;;;;;;;;;;;;;4
514;Organic;4;Plant based ;Salad, green, leaves, raw  ;;0.06;;;;;;;;;;;;;;;;;;;;;;;;;;;;;;;;;;4
515;Organic;4;Plant based ;Spinach, frozen, cooked   ;;1.046;;;;;;;;;;;;;;;;;;;;;;;;;;;;;;;;;;4
516;Organic;4;Plant based ;Spinach, leaves, raw   ;;0.08;;;;;;;;;;;;;;;;;;;;;;;;;;;;;;;;;;4
517;Organic;4;Plant based ;Sweet pepper, raw, cubes  ;;0.51;;;;;;;;;;;;;;;;;;;;;;;;;;;;;;;;;;4
518;Organic;4;Plant based ;Sweet pepper, raw, half rings ;;0.39;;;;;;;;;;;;;;;;;;;;;;;;;;;;;;;;;;4
519;Organic;4;Plant based ;Beans, white    ;;0.73;;;;;;;;;;;;;;;;;;;;;;;;;;;;;;;;;;4
520;Organic;4;Plant based ;Cowpeas     ;;0.72;;;;;;;;;;;;;;;;;;;;;;;;;;;;;;;;;;4
521;Organic;4;Plant based ;Cowpeas, dried, boiled   ;;0.75;;;;;;;;;;;;;;;;;;;;;;;;;;;;;;;;;;4
522;Organic;4;Plant based ;Cowpeas, dried, raw   ;;0.96;;;;;;;;;;;;;;;;;;;;;;;;;;;;;;;;;;4
523;Organic;4;Plant based ;Greengram, boiled    ;;0.76;;;;;;;;;;;;;;;;;;;;;;;;;;;;;;;;;;4
524;Organic;4;Plant based ;Greengram, raw    ;;0.79;;;;;;;;;;;;;;;;;;;;;;;;;;;;;;;;;;4
525;Organic;4;Plant based ;Kidney beans, dry, boiled  ;;0.79;;;;;;;;;;;;;;;;;;;;;;;;;;;;;;;;;;4
526;Organic;4;Plant based ;Kidney beans, dry, raw  ;;0.75;;;;;;;;;;;;;;;;;;;;;;;;;;;;;;;;;;4
527;Organic;4;Plant based ;Kidney beans, green, boiled  ;;0.7;;;;;;;;;;;;;;;;;;;;;;;;;;;;;;;;;;4
528;Organic;4;Plant based ;Kidney beans, green, raw  ;;0.68;;;;;;;;;;;;;;;;;;;;;;;;;;;;;;;;;;4
529;Organic;4;Plant based ;Lentils, green, small, boiled  ;;0.85;;;;;;;;;;;;;;;;;;;;;;;;;;;;;;;;;;4
530;Organic;4;Plant based ;Lentils, green, small, raw  ;;0.89;;;;;;;;;;;;;;;;;;;;;;;;;;;;;;;;;;4
531;Organic;4;Plant based ;Pigeon peas, boiled   ;;0.75;;;;;;;;;;;;;;;;;;;;;;;;;;;;;;;;;;4
532;Organic;4;Plant based ;Pigeon peas, raw   ;;0.84;;;;;;;;;;;;;;;;;;;;;;;;;;;;;;;;;;4
533;Organic;4;Plant based ;Soybean     ;;0.74;;;;;;;;;;;;;;;;;;;;;;;;;;;;;;;;;;4
534;Organic;4;Plant based ;Soybean, flakes    ;;0.58;;;;;;;;;;;;;;;;;;;;;;;;;;;;;;;;;;4
535;Organic;4;Plant based ;Soybean, hulls    ;;0.4;;;;;;;;;;;;;;;;;;;;;;;;;;;;;;;;;;4
536;Organic;4;Plant based ;Soybean, meal    ;;0.64;;;;;;;;;;;;;;;;;;;;;;;;;;;;;;;;;;4
537;Organic;4;Plant based ;Soybean, boiled    ;;0.79;;;;;;;;;;;;;;;;;;;;;;;;;;;;;;;;;;4
538;Organic;4;Plant based ;Soybean, boiled with fat  ;;0.7;;;;;;;;;;;;;;;;;;;;;;;;;;;;;;;;;;4
539;Organic;5;Animal Derivatives;Fish bone;;;;;;;56.25;3.93;39.82;100;0;56.25;3.93;39.82;;;63.87;8.01;8.39;0.64;19.08;;99.99;63.87638764;8.01080108;8.390839084;0.640064006;19.08190819;;;15.794;;26.24459953;15.794;15.794;31
540;Organic;5;Animal Derivatives;Ribs (beef);;;;;;;;;;;;;;;;;55.92;8.83;9.29;0.32;25.63;;99.99;55.92559256;8.830883088;9.290929093;0.320032003;25.63256326;;;17.277;;;17.277;;31
541;Organic;5;Animal Derivatives;Ribs (beef);;;;;;;61.56;0.23;38.22;100.01;0;61.55384462;0.229977002;38.21617838;;;51.61;6.38;9.48;0.62;31.91;;100;51.61;6.38;9.48;0.62;31.91;;;14.034;;22.71468425;14.034;14.034;31
542;Organic;5;Animal Derivatives;Meat and Bone;;;;;;;59.9;9.23;30.87;100;0;59.9;9.23;30.87;;;60.7;5.5;7.5;1.4;24.9;;100;60.7;5.5;7.5;1.4;24.9;;;;;;;;31
543;Organic;5;Animal Derivatives;Pork;kitchen waste;;;;dry basis;;90.56;5.74;3.7;100;0;90.56;5.74;3.7;;dry ash free basis;45.31;8.62;10.28;1.00;34.80;;100;45.31;8.62;10.28;1.00;34.80;;19.84;;;19.84;;;14
544;Organic;5;Animal Derivatives;Cod (whole fish);;;;3.78;;81.22;;;1.16;;;;;;;;;;;;;;;;;;;;;;;;;;;3
545;Organic;5;Animal Derivatives;Haddock (whole fish);;;;3.75;;79.92;;;1.21;;;;;;;;;;;;;;;;;;;;;;;;;;;3
546;Organic;5;Animal Derivatives;Halibut (whole fish);;;;3.74;;77.92;;;1.36;;;;;;;;;;;;;;;;;;;;;;;;;;;3
547;Organic;5;Animal Derivatives;Herring (whole fish);kippered;;;3.26;;59.7;;;1.94;;;;;;;;;;;;;;;;;;;;;;;;;;;3
548;Organic;5;Animal Derivatives;Mackerel (whole fish);Atlantic typ;;;3.33;;63.55;;;1.35;;;;;;;;;;;;;;;;;;;;;;;;;;;3
549;Organic;5;Animal Derivatives;Perch (whole fish);;;;3.71;;78.7;;;1.2;;;;;;;;;;;;;;;;;;;;;;;;;;;3
550;Organic;5;Animal Derivatives;Pollock (whole fish);Atlantic typ;;;3.7;;78.18;;;1.41;;;;;;;;;;;;;;;;;;;;;;;;;;;3
551;Organic;5;Animal Derivatives;Salmon (whole fish);pink;;;3.68;;76.35;;;1.22;;;;;;;;;;;;;;;;;;;;;;;;;;;3
552;Organic;5;Animal Derivatives;Tuna (whole fish);bluefin;;;3.43;;68.09;;;1.18;;;;;;;;;;;;;;;;;;;;;;;;;;;3
553;Organic;5;Animal Derivatives;Whiting (whole fish);;;;3.77;;80.27;;;1.3;;;;;;;;;;;;;;;;;;;;;;;;;;;3
554;Organic;5;Animal Derivatives;Clams (shellfish);;;;3.76;;81.82;;;1.87;;;;;;;;;;;;;;;;;;;;;;;;;;;3
555;Organic;5;Animal Derivatives;Lobster (shellfish);American typ;;;3.64;;76.76;;;2.2;;;;;;;;;;;;;;;;;;;;;;;;;;;3
556;Organic;5;Animal Derivatives;Oysters (shellfish);;;;3.83;;85.16;;;1.42;;;;;;;;;;;;;;;;;;;;;;;;;;;3
557;Organic;5;Animal Derivatives;Scallop (shellfish);no shell;;;3.71;;78.57;;;1.53;;;;;;;;;;;;;;;;;;;;;;;;;;;3
558;Organic;5;Animal Derivatives;Shrimp (shellfish);;;;3.65;;75.86;;;1.2;;;;;;;;;;;;;;;;;;;;;;;;;;;3
559;Organic;5;Animal Derivatives;Brisket (beef);;;;3.19;;55.18;;;0.8;;;;;;;;;;;;;;;;;;;;;;;;;;;3
560;Organic;5;Animal Derivatives;Carcass (beef);choice;;;3.24;;57.26;;;0.81;;;;;;;;;;;;;;;;;;;;;;;;;;;3
561;Organic;5;Animal Derivatives;Carcass (beef);select;;;3.25;;58.21;;;0.82;;;;;;;;;;;;;;;;;;;;;;;;;;;3
562;Organic;5;Animal Derivatives;Liver (beef);;;;3.47;;68.99;;;1.34;;;;;;;;;;;;;;;;;;;;;;;;;;;3
563;Organic;5;Animal Derivatives;Ribs (beef);whole (ribs 6-12);;;3.16;;54.54;;;0.77;;;;;;;;;;;;;;;;;;;;;;;;;;;3
564;Organic;5;Animal Derivatives;Round (beef);full cut, lean and fat;;;3.39;;64.75;;;0.97;;;;;;;;;;;;;;;;;;;;;;;;;;;3
565;Organic;5;Animal Derivatives;Round (beef);full cut, lean;;;3.52;;70.83;;;1.07;;;;;;;;;;;;;;;;;;;;;;;;;;;3
566;Organic;5;Animal Derivatives;Sirloin (beef);lean;;;3.53;;71.7;;;1.08;;;;;;;;;;;;;;;;;;;;;;;;;;;3
567;Organic;5;Animal Derivatives;Short loin (beef);porterhouse steak, lean;;;3.49;;69.59;;;1.01;;;;;;;;;;;;;;;;;;;;;;;;;;;3
568;Organic;5;Animal Derivatives;Short loin (beef);T-bone steak, lean;;;3.49;;69.71;;;1.27;;;;;;;;;;;;;;;;;;;;;;;;;;;3
569;Organic;5;Animal Derivatives;Tenderloin (beef);lean;;;3.45;;68.4;;;1.04;;;;;;;;;;;;;;;;;;;;;;;;;;;3
570;Organic;5;Animal Derivatives;Veal (beef);lean;;;3.65;;75.91;;;1.08;;;;;;;;;;;;;;;;;;;;;;;;;;;3
571;Organic;5;Animal Derivatives;Backfat (pork);;;;2.17;;7.69;;;0.7;;;;;;;;;;;;;;;;;;;;;;;;;;;3
572;Organic;5;Animal Derivatives;Bacon (pork);;;;2.7;;31.58;;;2.13;;;;;;;;;;;;;;;;;;;;;;;;;;;3
573;Organic;5;Animal Derivatives;Belly (pork);;;;2.8;;36.74;;;0.49;;;;;;;;;;;;;;;;;;;;;;;;;;;3
574;Organic;5;Animal Derivatives;Carcass (pork);;;;3.08;;49.83;;;0.72;;;;;;;;;;;;;;;;;;;;;;;;;;;3
575;Organic;5;Animal Derivatives;Ham (pork);cured, whole, lean;;;3.47;;68.26;;;3.66;;;;;;;;;;;;;;;;;;;;;;;;;;;3
576;Organic;5;Animal Derivatives;Ham (Pork);country cured, lean;;;3.16;;55.93;;;7.65;;;;;;;;;;;;;;;;;;;;;;;;;;;3
577;Organic;5;Animal Derivatives;Shoulder (pork);whole, lean;;;3.59;;72.63;;;1.02;;;;;;;;;;;;;;;;;;;;;;;;;;;3
578;Organic;5;Animal Derivatives;Braunschweiger (sausage);;;;3.01;;48.01;;;3.27;;;;;;;;;;;;;;;;;;;;;;;;;;;3
579;Organic;5;Animal Derivatives;Frankfurter (sausage);;;;3.15;;53.87;;;3.15;;;;;;;;;;;;;;;;;;;;;;;;;;;3
580;Organic;5;Animal Derivatives;Italian (sausage);;;;3.1;;51.08;;;2.7;;;;;;;;;;;;;;;;;;;;;;;;;;;3
581;Organic;5;Animal Derivatives;Polish (sausage);;;;3.14;;53.15;;;2.4;;;;;;;;;;;;;;;;;;;;;;;;;;;3
582;Organic;5;Animal Derivatives;Pork (sausage);;;;2.95;;44.52;;;2.49;;;;;;;;;;;;;;;;;;;;;;;;;;;3
583;Organic;5;Animal Derivatives;Smoked links (sausage);;;;2.82;;39.3;;;4.7;;;;;;;;;;;;;;;;;;;;;;;;;;;3
584;Organic;5;Animal Derivatives;Chicken;;;;4.34;;65.99;;;0.79;;;;;;;;;;;;;;;;;;;;;;;;;;;3
585;Organic;5;Animal Derivatives;Duck;;;;3.06;;48.5;;;0.68;;;;;;;;;;;;;;;;;;;;;;;;;;;3
586;Organic;5;Animal Derivatives;Turkey;;;;3.53;;70.4;;;0.88;;;;;;;;;;;;;;;;;;;;;;;;;;;3
587;Organic;5;Animal Derivatives;Egg White;;;;3.91;;87.81;;;0.64;;;;;;;;;;;;;;;;;;;;;;;;;;;3
588;Organic;5;Animal Derivatives;Egg White;dried;;;2.29;;14.62;;;4.25;;;;;;;;;;;;;;;;;;;;;;;;;;;3
589;Organic;5;Animal Derivatives;Egg Whole;;;;3.63;;75.33;;;0.94;;;;;;;;;;;;;;;;;;;;;;;;;;;3
590;Organic;5;Animal Derivatives;Egg Whole;dried;;;2.04;;3.1;;;3.65;;;;;;;;;;;;;;;;;;;;;;;;;;;3
591;Organic;5;Animal Derivatives;Egg Yolk;;;;3.05;;48.81;;;1.77;;;;;;;;;;;;;;;;;;;;;;;;;;;3
592;Organic;5;Animal Derivatives;Egg Yolk;salted;;;3.01;;50.8;;;10.6;;;;;;;;;;;;;;;;;;;;;;;;;;;3
593;Organic;5;Animal Derivatives;Egg Yolk;sugared;;;3.07;;51.25;;;1.4;;;;;;;;;;;;;;;;;;;;;;;;;;;3
594;Organic;5;Animal Derivatives;Composite of cuts (lamb);lean;;;3.6;;73.42;;;1.06;;;;;;;;;;;;;;;;;;;;;;;;;;;3
595;Organic;5;Animal Derivatives;Leg (lamb);whole, lean;;;3.62;;74.11;;;1.07;;;;;;;;;;;;;;;;;;;;;;;;;;;3
596;Organic;5;Animal Derivatives;Beef;lean (at 3°C);;0.506;;;75;;;;;;;;;;;;;;;;;;;;;;;;;;;;;;3
597;Organic;5;Animal Derivatives;Beef;lean (at 20°C);;0.43;;;79;;;;;;;;;;;;;;;;;;;;;;;;;;;;;;3
598;Organic;5;Animal Derivatives;Beef;lean (at 6°C);;0.4;;;76.5;;;;;;;;;;;;;;;;;;;;;;;;;;;;;;3
599;Organic;5;Animal Derivatives;Beef;lean (at 20°C);;0.48;;;79;;;;;;;;;;;;;;;;;;;;;;;;;;;;;;3
600;Organic;5;Animal Derivatives;Beef;lean (at 6°C);;0.41;;;76;;;;;;;;;;;;;;;;;;;;;;;;;;;;;;3
601;Organic;5;Animal Derivatives;Beef;lean (at 3°C);;0.471;;;74;;;;;;;;;;;;;;;;;;;;;;;;;;;;;;3
602;Organic;5;Animal Derivatives;Beef;ground (at 6°C);0.95;0.406;;;67;;;;;;;;;;;;;;;;;;;;;;;;;;;;;;3
603;Organic;5;Animal Derivatives;Beef;ground (at 4°C);0.98;0.41;;;62;;;;;;;;;;;;;;;;;;;;;;;;;;;;;;3
604;Organic;5;Animal Derivatives;Beef;ground (at 6°C);0.93;0.351;;;55;;;;;;;;;;;;;;;;;;;;;;;;;;;;;;3
605;Organic;5;Animal Derivatives;Beef;ground (at 3°C);0.95;0.364;;;53;;;;;;;;;;;;;;;;;;;;;;;;;;;;;;3
606;Organic;5;Animal Derivatives;Beef;brain (at 35°C);1.04;0.496;;;77.7;;;;;;;;;;;;;;;;;;;;;;;;;;;;;;3
607;Organic;5;Animal Derivatives;Beef;fat (at 35°C);0.81;0.19;;;0;;;;;;;;;;;;;;;;;;;;;;;;;;;;;;3
608;Organic;5;Animal Derivatives;Beef;fat (at 35°C);0.86;0.23;;;20;;;;;;;;;;;;;;;;;;;;;;;;;;;;;;3
609;Organic;5;Animal Derivatives;Beef;fat (at 2°C);;0.217;;;9;;;;;;;;;;;;;;;;;;;;;;;;;;;;;;3
610;Organic;5;Animal Derivatives;Beef;kidney (at 35°C);1.02;0.524;;;76.4;;;;;;;;;;;;;;;;;;;;;;;;;;;;;;3
611;Organic;5;Animal Derivatives;Beef;liver (at 35°C);;0.488;;;72;;;;;;;;;;;;;;;;;;;;;;;;;;;;;;3
612;Organic;5;Animal Derivatives;Beefstick; (at 20°C);1.05;0.297;;;36.6;;;;;;;;;;;;;;;;;;;;;;;;;;;;;;3
613;Organic;5;Animal Derivatives;Bologna;(at 20°C);1;0.421;;;64.7;;;;;;;;;;;;;;;;;;;;;;;;;;;;;;3
614;Organic;5;Animal Derivatives;Dog food;(at 23°C);1.24;0.319;;;30.6;;;;;;;;;;;;;;;;;;;;;;;;;;;;;;3
615;Organic;5;Animal Derivatives;Cat food;(at 23°C);1.14;0.326;;;39.7;;;;;;;;;;;;;;;;;;;;;;;;;;;;;;3
616;Organic;5;Animal Derivatives;Ham,;country (at 20°C);1.03;0.48;;;71.8;;;;;;;;;;;;;;;;;;;;;;;;;;;;;;3
617;Organic;5;Animal Derivatives;Horse meat;(at 30°C);;0.46;;;70;;;;;;;;;;;;;;;;;;;;;;;;;;;;;;3
618;Organic;5;Animal Derivatives;Lamb; (at 20°C);;0.456;;;72;;;;;;;;;;;;;;;;;;;;;;;;;;;;;;3
619;Organic;5;Animal Derivatives;Lamb; (at 20°C);;0.399;;;71;;;;;;;;;;;;;;;;;;;;;;;;;;;;;;3
620;Organic;5;Animal Derivatives;Pepperoni; (at 20°C);1.06;0.256;;;32;;;;;;;;;;;;;;;;;;;;;;;;;;;;;;3
621;Organic;5;Animal Derivatives;Pork;fat (at 3°C);;0.215;;;6;;;;;;;;;;;;;;;;;;;;;;;;;;;;;;3
622;Organic;5;Animal Derivatives;Pork;lean (at 20°C);;0.453;;;76;;;;;;;;;;;;;;;;;;;;;;;;;;;;;;3
623;Organic;5;Animal Derivatives;Pork;lean (at 20°C);;0.505;;;76;;;;;;;;;;;;;;;;;;;;;;;;;;;;;;3
624;Organic;5;Animal Derivatives;Pork;lean flank (at 2.2°C);;0.46;;;;;;;;;;;;;;;;;;;;;;;;;;;;;;;;;3
625;Organic;5;Animal Derivatives;Pork;lean leg (at 4°C);;0.478;;;72;;;;;;;;;;;;;;;;;;;;;;;;;;;;;;3
626;Organic;5;Animal Derivatives;Pork;lean leg (at 4°C);;0.456;;;72;;;;;;;;;;;;;;;;;;;;;;;;;;;;;;3
627;Organic;5;Animal Derivatives;Salami; (at 20°C);0.96;0.311;;;35.6;;;;;;;;;;;;;;;;;;;;;;;;;;;;;;3
628;Organic;5;Animal Derivatives;Sausage; (at 25°C);;0.427;;;68;;;;;;;;;;;;;;;;;;;;;;;;;;;;;;3
629;Organic;5;Animal Derivatives;Sausage; (at 25°C);;0.385;;;62;;;;;;;;;;;;;;;;;;;;;;;;;;;;;;3
630;Organic;5;Animal Derivatives;Veal; (at 20°C);;0.47;;;75;;;;;;;;;;;;;;;;;;;;;;;;;;;;;;3
631;Organic;5;Animal Derivatives;Veal; (at 28°C);;0.445;;;75;;;;;;;;;;;;;;;;;;;;;;;;;;;;;;3
632;Organic;5;Animal Derivatives;Chicken;breast (at 20°C);;0.412;;;72;;;;;;;;;;;;;;;;;;;;;;;;;;;;;;3
633;Organic;5;Animal Derivatives;Chicken;with skin (at 20°C);;0.366;;;66;;;;;;;;;;;;;;;;;;;;;;;;;;;;;;3
634;Organic;5;Animal Derivatives;Turkey;breast (at 3°C);;0.496;;;74;;;;;;;;;;;;;;;;;;;;;;;;;;;;;;3
635;Organic;5;Animal Derivatives;Turkey;leg (at 4°C);;0.497;;;74;;;;;;;;;;;;;;;;;;;;;;;;;;;;;;3
636;Organic;5;Animal Derivatives;Turkey;breast (at 3°C);;0.502;;;74;;;;;;;;;;;;;;;;;;;;;;;;;;;;;;3
637;Organic;5;Animal Derivatives;Egg,;white (at 36°C);;0.558;;;88;;;;;;;;;;;;;;;;;;;;;;;;;;;;;;3
638;Organic;5;Animal Derivatives;Egg,;yolk (at 31°C);1.02;0.42;;;50.6;;;;;;;;;;;;;;;;;;;;;;;;;;;;;;3
639;Organic;5;Animal Derivatives;Fish;cod (at 3°C);;0.534;;;83;;;;;;;;;;;;;;;;;;;;;;;;;;;;;;3
640;Organic;5;Animal Derivatives;Fish;cod (at 1°C);;0.56;;;;;;;;;;;;;;;;;;;;;;;;;;;;;;;;;3
641;Organic;5;Animal Derivatives;salmon; (at 3°C);;0.531;;;67;;;;;;;;;;;;;;;;;;;;;;;;;;;;;;3
642;Organic;5;Animal Derivatives;Salmon; (at 5°C);;0.498;;;73;;;;;;;;;;;;;;;;;;;;;;;;;;;;;;3
643;Organic;5;Animal Derivatives;Seal;blubber (at 5°C);;0.197;;;4.3;;;;;;;;;;;;;;;;;;;;;;;;;;;;;;3
644;Organic;5;Animal Derivatives;Whale;blubber (at 18°C);1.04;0.209;;;;;;;;;;;;;;;;;;;;;;;;;;;;;;;;;3
645;Organic;5;Animal Derivatives;Whale;meat (at 32°C);1.07;0.649;;;;;;;;;;;;;;;;;;;;;;;;;;;;;;;;;3
646;Organic;5;Animal Derivatives;Prawns, whole, boiled, with shell ;;0.58;;;;;;;;;;;;;;;;;;;;;;;;;;;;;;;;;;4
647;Organic;5;Animal Derivatives;Prawns, whole, boiled, without shell ;;0.77;;;;;;;;;;;;;;;;;;;;;;;;;;;;;;;;;;4
648;Organic;5;Animal Derivatives;Egg, yoke, powder   ;;0.37;;;;;;;;;;;;;;;;;;;;;;;;;;;;;;;;;;4
649;Organic;5;Animal Derivatives;Egg, chicken, boiled/poached   ;;0.6;;;;;;;;;;;;;;;;;;;;;;;;;;;;;;;;;;4
650;Organic;5;Animal Derivatives;Eggs, powdered    ;;0.35;;;;;;;;;;;;;;;;;;;;;;;;;;;;;;;;;;4
651;Organic;5;Animal Derivatives;Blood, flour    ;;0.48;;;;;;;;;;;;;;;;;;;;;;;;;;;;;;;;;;4
652;Organic;5;Animal Derivatives;Blood, meal    ;;0.62;;;;;;;;;;;;;;;;;;;;;;;;;;;;;;;;;;4
653;Organic;5;Animal Derivatives;Bone and meat meal, loose ;;0.72;;;;;;;;;;;;;;;;;;;;;;;;;;;;;;;;;;4
654;Organic;5;Animal Derivatives;Bone meal, loose   ;;0.88;;;;;;;;;;;;;;;;;;;;;;;;;;;;;;;;;;4
655;Organic;5;Animal Derivatives;Cow intestine, boiled   ;;0.58;;;;;;;;;;;;;;;;;;;;;;;;;;;;;;;;;;4
656;Organic;5;Animal Derivatives;Cow, lean, no bone, raw ;;0.96;;;;;;;;;;;;;;;;;;;;;;;;;;;;;;;;;;4
657;Organic;5;Animal Derivatives;Cow, intestine, raw   ;;0.93;;;;;;;;;;;;;;;;;;;;;;;;;;;;;;;;;;4
658;Organic;5;Animal Derivatives;Goat, intestine, boiled   ;;0.56;;;;;;;;;;;;;;;;;;;;;;;;;;;;;;;;;;4
659;Organic;5;Animal Derivatives;Goat, intestine, raw   ;;0.83;;;;;;;;;;;;;;;;;;;;;;;;;;;;;;;;;;4
660;Organic;5;Animal Derivatives;Pork, fatty, with bone, boiled ;;0.63;;;;;;;;;;;;;;;;;;;;;;;;;;;;;;;;;;4
661;Organic;5;Animal Derivatives;Pork, fatty, with bone, raw ;;0.97;;;;;;;;;;;;;;;;;;;;;;;;;;;;;;;;;;4
662;Organic;5;Animal Derivatives;Pork, medium, with bone, boiled ;;0.7;;;;;;;;;;;;;;;;;;;;;;;;;;;;;;;;;;4
663;Organic;5;Animal Derivatives;Pork, medium, with bone, raw ;;0.93;;;;;;;;;;;;;;;;;;;;;;;;;;;;;;;;;;4
664;Organic;5;Animal Derivatives;Animal fat    ;;0.7;;;;;;;;;;;;;;;;;;;;;;;;;;;;;;;;;;4
665;Organic;5;Animal Derivatives;Lard     ;;0.919;;;;;;;;;;;;;;;;;;;;;;;;;;;;;;;;;;4
666;Organic;6;Processed ;Tofu;;1.152;0.335;3.105;;;;;;;;;;;;;;;;;;;0;;;;;;;;;;;;;53
667;Organic;6;Processed ;Candy;Fudge, vanilla;;;1.9;;10.9;;;0.4;;;;;;;;;;;;;;;;;;;;;;;;;;;3
668;Organic;6;Processed ;Candy;Marshmallows;;;2.02;;16.4;;;0.3;;;;;;;;;;;;;;;;;;;;;;;;;;;3
669;Organic;6;Processed ;Candy;Milk chocolate;;;1.83;;1.3;;;1.5;;;;;;;;;;;;;;;;;;;;;;;;;;;3
670;Organic;6;Processed ;Candy;Peanut brittle;;;1.77;;1.8;;;1.5;;;;;;;;;;;;;;;;;;;;;;;;;;;3
671;Organic;6;Processed ;Popcorn;air-popped;;;2.04;;4.1;;;2.04;;;;;;;;;;;;;;;;;;;;;;;;;;;3
672;Organic;6;Processed ;Popcorn;oil-popped;;;1.99;;2.8;;;1.99;;;;;;;;;;;;;;;;;;;;;;;;;;;3
673;Organic;6;Processed ;Yeast;baker’s, compressed;;;3.55;;69;;;3.55;;;;;;;;;;;;;;;;;;;;;;;;;;;3
674;Organic;6;Processed ;Cake;angel food (at 23°C);0.15;0.099;;;36.1;;;;;;;;;;;;;;;;;;;;;;;;;;;;;;3
675;Organic;6;Processed ;Cake;applesauce (at 23°C);0.3;0.079;;;23.7;;;;;;;;;;;;;;;;;;;;;;;;;;;;;;3
676;Organic;6;Processed ;Cake;carrot (at 23°C);0.32;0.084;;;21.6;;;;;;;;;;;;;;;;;;;;;;;;;;;;;;3
677;Organic;6;Processed ;Cake;chocolate (at 23°C);0.34;0.106;;;31.9;;;;;;;;;;;;;;;;;;;;;;;;;;;;;;3
678;Organic;6;Processed ;Cake;pound (at 23°C);0.48;0.131;;;22.7;;;;;;;;;;;;;;;;;;;;;;;;;;;;;;3
679;Organic;6;Processed ;Cake;yellow (at 23°C);0.3;0.11;;;25.1;;;;;;;;;;;;;;;;;;;;;;;;;;;;;;3
680;Organic;6;Processed ;Margarine; (at 5°C);1;0.233;;;;;;;;;;;;;;;;;;;;;;;;;;;;;;;;;3
681;Organic;6;Processed ;Cake;white (at 23°C);0.45;0.082;;;32.3;;;;;;;;;;;;;;;;;;;;;;;;;;;;;;3
682;Organic;6;Processed ;Mayonnaise, light    ;;1;;;;;;;;;;;;;;;;;;;;;;;;;;;;;;;;;;4
683;Organic;6;Processed ;Mayonnaise, traditional    ;;0.91;;;;;;;;;;;;;;;;;;;;;;;;;;;;;;;;;;4
684;Organic;6;Processed ;Solid vegetable fat kimbo  ;;0.6;;;;;;;;;;;;;;;;;;;;;;;;;;;;;;;;;;4
685;Organic;6;Processed ;Solid vegetable fat rina  ;;0.67;;;;;;;;;;;;;;;;;;;;;;;;;;;;;;;;;;4
686;Organic;6;Processed ;Potato chips    ;;0.09;;;;;;;;;;;;;;;;;;;;;;;;;;;;;;;;;;4
687;Organic;6;Processed ;Potato chips, pringles   ;;0.12;;;;;;;;;;;;;;;;;;;;;;;;;;;;;;;;;;4
688;Organic;6;Processed ;Snacks, puffed, lowfat   ;;0.11;;;;;;;;;;;;;;;;;;;;;;;;;;;;;;;;;;4
689;Organic;7;Dairy Products;Milk sludge;milk+butter;;;;w/d basis;86.5;68.14;7.39;24.47;186.5;86.5;9.1989;0.99765;3.30345;;dry basis;40.92;6.15;6.95;0.67;20.84;;75.53;54.17714815;8.14245995;9.201641732;0.887064742;27.59168542;;;17.246;;22.83331127;17.246;2.32821;50
690;Organic;7;Dairy Products;Milk sludge;milk+butter+whey powder+casein;;;;w/d basis;67.6;61.89;1.7;36.41;167.6;67.6;20.05236;0.5508;11.79684;;dry basis;43.31;6.94;1.63;0.11;11.6;;63.59;68.10819311;10.91366567;2.563296116;0.172983173;18.24186193;;;18.966;;29.82544425;18.966;6.144984;50
691;Organic;7;Dairy Products;Milk sludge;milk+butter+whey powder+casein+cheese;;;;w/d basis;94.54;77.46;3.54;19;194.54;94.54;4.229316;0.193284;1.0374;;dry basis;54.9;8.71;2.37;0.4;14.62;;81;67.77777778;10.75308642;2.925925926;0.49382716;18.04938272;;;25.487;;31.4654321;25.487;1.3915902;50
692;Organic;7;Dairy Products;Biological milk sludge;dried;0.55;;;w/d basis;93.16;59.73;8.51;31.79;193.19;93.16;4.085532;0.582084;2.174436;;dry basis;35.92;5.59;5.76;0.85;19.90;0.18;68.2;52.6686217;8.196480938;8.445747801;1.246334311;29.17888563;0.263929619;;14.31;;20.97639654;14.31;0.979077551;51
693;Organic;7;Dairy Products;Butter;;0.9423;0.227;;;15.11;;;0.12;;;;;;;;;;;;;;;;;;;;;;;;;;;49
694;Organic;7;Dairy Products;Cheddar chesse;;1.102;0.345;;;36;;;4.07;;;;;;;;;;;;;;;;;;;;;;;;;;;49
695;Organic;7;Dairy Products;Hamburger chesse;;1.114;0.381;;;41;;;5.84;;;;;;;;;;;;;;;;;;;;;;;;;;;49
696;Organic;7;Dairy Products;Old kashkaval cheese;;1.117;0.368;;;41;;;3.88;;;;;;;;;;;;;;;;;;;;;;;;;;;49
697;Organic;7;Dairy Products;Tulum cheese;;1.11;0.379;;;41;;;3.76;;;;;;;;;;;;;;;;;;;;;;;;;;;49
698;Organic;7;Dairy Products;Fresh kashkaval cheese;;1.1817;0.403;;;43.79;;;2.99;;;;;;;;;;;;;;;;;;;;;;;;;;;49
699;Organic;7;Dairy Products;Mozzarella cheese;;1.0624;0.383;;;44.35;;;3.32;;;;;;;;;;;;;;;;;;;;;;;;;;;49
700;Organic;7;Dairy Products;Buffet kashkaval cheese;;0.9609;0.406;;;49.84;;;3.36;;;;;;;;;;;;;;;;;;;;;;;;;;;49
701;Organic;7;Dairy Products;Fresh cream cheese;;1.0141;0.433;;;56.32;;;2.58;;;;;;;;;;;;;;;;;;;;;;;;;;;49
702;Organic;7;Dairy Products;Labne;;1.0847;0.486;;;69.13;;;0.99;;;;;;;;;;;;;;;;;;;;;;;;;;;49
703;Organic;7;Dairy Products;Low fat labne;;1.0852;0.548;;;74.65;;;1.31;;;;;;;;;;;;;;;;;;;;;;;;;;;49
704;Organic;7;Dairy Products;Spreadable cheese;;0.8238;0.476;;;60.6;;;4.32;;;;;;;;;;;;;;;;;;;;;;;;;;;49
705;Organic;7;Dairy Products;Strained yogurt;;0.9721;0.54;;;74.23;;;1.31;;;;;;;;;;;;;;;;;;;;;;;;;;;49
706;Organic;7;Dairy Products;Light yogurt;;1.0331;0.571;;;81.95;;;1.29;;;;;;;;;;;;;;;;;;;;;;;;;;;49
707;Organic;7;Dairy Products;Pasteurized yogurt;;1.0348;0.571;;;82.48;;;2.14;;;;;;;;;;;;;;;;;;;;;;;;;;;49
708;Organic;7;Dairy Products;Extra light yogurt;;1.0245;0.584;;;86.81;;;0.3;;;;;;;;;;;;;;;;;;;;;;;;;;;49
709;Organic;7;Dairy Products;Butter;;;;2.4;;17.94;;;0.04;;;;;;;;;;;;;;;;;;;;;;;;;;;3
710;Organic;7;Dairy Products;Camembert;;;;3.1;;51.8;;;3.68;;;;;;;;;;;;;;;;;;;;;;;;;;;3
711;Organic;7;Dairy Products;Cheddar;;;;2.77;;36.75;;;3.93;;;;;;;;;;;;;;;;;;;;;;;;;;;3
712;Organic;7;Dairy Products;Cottage, uncreamed;;;;3.73;;79.77;;;0.69;;;;;;;;;;;;;;;;;;;;;;;;;;;3
713;Organic;7;Dairy Products;Cream;;;;3.16;;53.75;;;1.17;;;;;;;;;;;;;;;;;;;;;;;;;;;3
714;Organic;7;Dairy Products;Gouda;;;;2.87;;41.46;;;3.94;;;;;;;;;;;;;;;;;;;;;;;;;;;3
715;Organic;7;Dairy Products;Limburger;;;;3.03;;48.42;;;3.79;;;;;;;;;;;;;;;;;;;;;;;;;;;3
716;Organic;7;Dairy Products;Mozzarella;;;;3.15;;54.14;;;2.62;;;;;;;;;;;;;;;;;;;;;;;;;;;3
717;Organic;7;Dairy Products;Parmesan, hard;;;;2.58;;29.16;;;6.04;;;;;;;;;;;;;;;;;;;;;;;;;;;3
718;Organic;7;Dairy Products;Processed American;;;;2.8;;39.16;;;5.84;;;;;;;;;;;;;;;;;;;;;;;;;;;3
719;Organic;7;Dairy Products;Roquefort;;;;2.8;;39.38;;;6.44;;;;;;;;;;;;;;;;;;;;;;;;;;;3
720;Organic;7;Dairy Products;Swiss;;;;2.78;;37.21;;;3.53;;;;;;;;;;;;;;;;;;;;;;;;;;;3
721;Organic;7;Dairy Products;Cream;half and half;;;3.73;;80.57;;;0.67;;;;;;;;;;;;;;;;;;;;;;;;;;;3
722;Organic;7;Dairy Products;Cream;table;;;3.59;;73.75;;;0.58;;;;;;;;;;;;;;;;;;;;;;;;;;;3
723;Organic;7;Dairy Products;Cream;heavy whipping;;;3.25;;57.71;;;0.45;;;;;;;;;;;;;;;;;;;;;;;;;;;3
724;Organic;7;Dairy Products;Ice Cream;chocolate;;;3.11;;55.7;;;1;;;;;;;;;;;;;;;;;;;;;;;;;;;3
725;Organic;7;Dairy Products;Ice Cream;strawberry;;;3.19;;60;;;0.7;;;;;;;;;;;;;;;;;;;;;;;;;;;3
726;Organic;7;Dairy Products;Ice Cream;vanilla;;;3.22;;61;;;0.9;;;;;;;;;;;;;;;;;;;;;;;;;;;3
727;Organic;7;Dairy Products;Butter     ;;0.911;;;;;;;;;;;;;;;;;;;;;;;;;;;;;;;;;;4
728;Organic;7;Dairy Products;Butter, margarine    ;;0.96;;;;;;;;;;;;;;;;;;;;;;;;;;;;;;;;;;4
729;Organic;7;Dairy Products;Buttermilk, dried    ;;0.5;;;;;;;;;;;;;;;;;;;;;;;;;;;;;;;;;;4
730;Organic;7;Dairy Products;Casein     ;;0.58;;;;;;;;;;;;;;;;;;;;;;;;;;;;;;;;;;4
731;Organic;7;Dairy Products;Cheese, emmentaler, grated   ;;0.34;;;;;;;;;;;;;;;;;;;;;;;;;;;;;;;;;;4
732;Organic;7;Dairy Products;Cream, 0.13 fat   ;;1.013;;;;;;;;;;;;;;;;;;;;;;;;;;;;;;;;;;4
733;Organic;7;Dairy Products;Cream, 0.38 fat   ;;0.984;;;;;;;;;;;;;;;;;;;;;;;;;;;;;;;;;;4
734;Organic;7;Dairy Products;Cream, 0.09 fat   ;;1.017;;;;;;;;;;;;;;;;;;;;;;;;;;;;;;;;;;4
735;Organic;7;Dairy Products;Cream, heavy    ;;0.994;;;;;;;;;;;;;;;;;;;;;;;;;;;;;;;;;;4
736;Organic;7;Dairy Products;Cream, light    ;;1.012;;;;;;;;;;;;;;;;;;;;;;;;;;;;;;;;;;4
737;Organic;7;Dairy Products;Cream sour (crème fraiche about 0.18 fat);;1.005;;;;;;;;;;;;;;;;;;;;;;;;;;;;;;;;;;4
738;Organic;7;Dairy Products;Cream sour (crème fraiche about 0.38 fat);;0.978;;;;;;;;;;;;;;;;;;;;;;;;;;;;;;;;;;4
739;Organic;7;Dairy Products;Cream, whipping (about 0.4 fat) ;;0.96;;;;;;;;;;;;;;;;;;;;;;;;;;;;;;;;;;4
740;Organic;7;Dairy Products;Ice cream    ;;0.554;;;;;;;;;;;;;;;;;;;;;;;;;;;;;;;;;;4
741;Organic;7;Dairy Products;Ice cream, dairy   ;;0.61;;;;;;;;;;;;;;;;;;;;;;;;;;;;;;;;;;4
742;Organic;7;Dairy Products;Ice cream, light (formerly ice milk);;0.56;;;;;;;;;;;;;;;;;;;;;;;;;;;;;;;;;;4
743;Organic;7;Dairy Products;Ice cream, light, no sugar added;;0.58;;;;;;;;;;;;;;;;;;;;;;;;;;;;;;;;;;4
744;Organic;7;Dairy Products;Ice cream, no sugar added ;;0.54;;;;;;;;;;;;;;;;;;;;;;;;;;;;;;;;;;4
745;Organic;7;Dairy Products;Ice cream, regular   ;;0.56;;;;;;;;;;;;;;;;;;;;;;;;;;;;;;;;;;4
746;Organic;7;Dairy Products;Ice cream, rich   ;;0.62;;;;;;;;;;;;;;;;;;;;;;;;;;;;;;;;;;4
747;Organic;7;Dairy Products;Sour milk, cow, whole  ;;0.98;;;;;;;;;;;;;;;;;;;;;;;;;;;;;;;;;;4
748;Organic;7;Dairy Products;Yoghurt, berry, low fat, artificially sweetened;;1.06;;;;;;;;;;;;;;;;;;;;;;;;;;;;;;;;;;4
749;Organic;7;Dairy Products;Yoghurt, fruits    ;;1.052;;;;;;;;;;;;;;;;;;;;;;;;;;;;;;;;;;4
750;Organic;7;Dairy Products;Yoghurt, low fat, fruit  ;;1.08;;;;;;;;;;;;;;;;;;;;;;;;;;;;;;;;;;4
751;Organic;7;Dairy Products;Yoghurt, plain, unsweetened   ;;1.06;;;;;;;;;;;;;;;;;;;;;;;;;;;;;;;;;;4
752;Organic;7;Dairy Products;Yoghurt, plain, unsweetened   ;;1.031;;;;;;;;;;;;;;;;;;;;;;;;;;;;;;;;;;4
753;Organic;7;Dairy Products;Yoghurt, strawberry, low fat  ;;1.08;;;;;;;;;;;;;;;;;;;;;;;;;;;;;;;;;;4
754;Organic;8;Other;Apple juice;unsweetened;;;3.87;;87.93;;;0.22;;;;;;;;;;;;;;;;;;;;;;;;;;;3
755;Organic;8;Other;Grapefruit juice;sweetened;;;3.85;;87.38;;;0.82;;;;;;;;;;;;;;;;;;;;;;;;;;;3
756;Organic;8;Other;Grape juice;unsweetened;;;3.77;;84.12;;;0.29;;;;;;;;;;;;;;;;;;;;;;;;;;;3
757;Organic;8;Other;Lemon juice;;;;3.99;;92.46;;;0.36;;;;;;;;;;;;;;;;;;;;;;;;;;;3
758;Organic;8;Other;Lime juice;unsweetened;;;3.99;;92.52;;;0.31;;;;;;;;;;;;;;;;;;;;;;;;;;;3
759;Organic;8;Other;Orange juice;;;;3.9;;89.01;;;0.41;;;;;;;;;;;;;;;;;;;;;;;;;;;3
760;Organic;8;Other;Pineapple juice;unsweetened;;;3.81;;85.53;;;0.3;;;;;;;;;;;;;;;;;;;;;;;;;;;3
761;Organic;8;Other;Prune juice;;;;3.71;;81.24;;;0.68;;;;;;;;;;;;;;;;;;;;;;;;;;;3
762;Organic;8;Other;Tomato juice;;;;4.03;;93.9;;;1.05;;;;;;;;;;;;;;;;;;;;;;;;;;;3
763;Organic;8;Other;Cranberry-apple juice drink;;;;3.73;;82.8;;;0;;;;;;;;;;;;;;;;;;;;;;;;;;;3
764;Organic;8;Other;Cranberry-grape juice drink;;;;3.81;;85.6;;;0.1;;;;;;;;;;;;;;;;;;;;;;;;;;;3
765;Organic;8;Other;Fruit punch drink;;;;3.87;;88;;;0.1;;;;;;;;;;;;;;;;;;;;;;;;;;;3
766;Organic;8;Other;Club soda;;;;4.17;;99.9;;;0.1;;;;;;;;;;;;;;;;;;;;;;;;;;;3
767;Organic;8;Other;Cola;;;;3.9;;89.4;;;0.1;;;;;;;;;;;;;;;;;;;;;;;;;;;3
768;Organic;8;Other;Cream soda;;;;3.83;;86.7;;;0.1;;;;;;;;;;;;;;;;;;;;;;;;;;;3
769;Organic;8;Other;Ginger ale;;;;3.95;;91.2;;;0;;;;;;;;;;;;;;;;;;;;;;;;;;;3
770;Organic;8;Other;Grape soda;;;;3.89;;88.8;;;0.1;;;;;;;;;;;;;;;;;;;;;;;;;;;3
771;Organic;8;Other;Lemon-lime soda;;;;3.9;;89.5;;;0.1;;;;;;;;;;;;;;;;;;;;;;;;;;;3
772;Organic;8;Other;Orange soda;;;;3.86;;87.6;;;0.1;;;;;;;;;;;;;;;;;;;;;;;;;;;3
773;Organic;8;Other;Root beer;;;;3.9;;89.3;;;0.81;;;;;;;;;;;;;;;;;;;;;;;;;;;3
774;Organic;8;Other;Honey;;;;2.03;;17.1;;;2.03;;;;;;;;;;;;;;;;;;;;;;;;;;;3
775;Organic;8;Other;Maple syrup;;;;2.41;;32;;;2.41;;;;;;;;;;;;;;;;;;;;;;;;;;;3
776;Organic;8;Other;Milk;whole (at 28°C);;0.58;;;90;;;;;;;;;;;;;;;;;;;;;;;;;;;;;;3
777;Organic;8;Other;Milk;whole (at 2°C);;0.522;;;83;;;;;;;;;;;;;;;;;;;;;;;;;;;;;;3
778;Organic;8;Other;Milk;whole (at 20°C);;0.55;;;83;;;;;;;;;;;;;;;;;;;;;;;;;;;;;;3
779;Organic;8;Other;Milk;whole (at 50°C);;0.586;;;83;;;;;;;;;;;;;;;;;;;;;;;;;;;;;;3
780;Organic;8;Other;Milk;whole (at 80°C);;0.614;;;83;;;;;;;;;;;;;;;;;;;;;;;;;;;;;;3
781;Organic;8;Other;Milk;skimmed (at 2°C);;0.538;;;90;;;;;;;;;;;;;;;;;;;;;;;;;;;;;;3
782;Organic;8;Other;Milk;skimmed (at 20°C);;0.566;;;90;;;;;;;;;;;;;;;;;;;;;;;;;;;;;;3
783;Organic;8;Other;Milk;skimmed (at 50°C);;0.606;;;90;;;;;;;;;;;;;;;;;;;;;;;;;;;;;;3
784;Organic;8;Other;Milk;skimmed (at 80°C);;0.635;;;90;;;;;;;;;;;;;;;;;;;;;;;;;;;;;;3
785;Organic;8;Other;Milk;evaporated (at 2°C);;0.486;;;72;;;;;;;;;;;;;;;;;;;;;;;;;;;;;;3
786;Organic;8;Other;Milk;evaporated (at 20°C);;0.504;;;72;;;;;;;;;;;;;;;;;;;;;;;;;;;;;;3
787;Organic;8;Other;Milk;evaporated (at 50°C);;0.542;;;72;;;;;;;;;;;;;;;;;;;;;;;;;;;;;;3
788;Organic;8;Other;Milk;evaporated (at 80°C);;0.565;;;72;;;;;;;;;;;;;;;;;;;;;;;;;;;;;;3
789;Organic;8;Other;Milk;evaporated (at 2°C);;0.456;;;62;;;;;;;;;;;;;;;;;;;;;;;;;;;;;;3
790;Organic;8;Other;Milk;evaporated (at 20°C);;0.472;;;62;;;;;;;;;;;;;;;;;;;;;;;;;;;;;;3
791;Organic;8;Other;Milk;evaporated (at 50°C);;0.51;;;62;;;;;;;;;;;;;;;;;;;;;;;;;;;;;;3
792;Organic;8;Other;Milk;evaporated (at 80°C);;0.531;;;62;;;;;;;;;;;;;;;;;;;;;;;;;;;;;;3
793;Organic;8;Other;Milk;evaporated (at 23°C);;0.472;;;67;;;;;;;;;;;;;;;;;;;;;;;;;;;;;;3
794;Organic;8;Other;Milk;evaporated (at 41°C);;0.504;;;67;;;;;;;;;;;;;;;;;;;;;;;;;;;;;;3
795;Organic;8;Other;Milk;evaporated (at 60°C);;0.516;;;67;;;;;;;;;;;;;;;;;;;;;;;;;;;;;;3
796;Organic;8;Other;Milk;evaporated (at 79°C);;0.527;;;67;;;;;;;;;;;;;;;;;;;;;;;;;;;;;;3
797;Organic;8;Other;Milk;evaporated (at 26°C);;0.324;;;50;;;;;;;;;;;;;;;;;;;;;;;;;;;;;;3
798;Organic;8;Other;Milk;evaporated (at 40°C);;0.34;;;50;;;;;;;;;;;;;;;;;;;;;;;;;;;;;;3
799;Organic;8;Other;Milk;evaporated (at 59°C);;0.357;;;50;;;;;;;;;;;;;;;;;;;;;;;;;;;;;;3
800;Organic;8;Other;Milk;evaporated (at 79°C);;0.364;;;50;;;;;;;;;;;;;;;;;;;;;;;;;;;;;;3
801;Organic;8;Other;Milk;Whey (at 2°C);;0.54;;;90;;;;;;;;;;;;;;;;;;;;;;;;;;;;;;3
802;Organic;8;Other;Milk;Whey (at 20°C);;0.567;;;90;;;;;;;;;;;;;;;;;;;;;;;;;;;;;;3
803;Organic;8;Other;Milk;Whey (at 50°C);;0.63;;;90;;;;;;;;;;;;;;;;;;;;;;;;;;;;;;3
804;Organic;8;Other;Milk;Whey (at 80°C);;0.64;;;90;;;;;;;;;;;;;;;;;;;;;;;;;;;;;;3
805;Organic;8;Other;Honey; (at 2°C);;0.502;;;80;;;;;;;;;;;;;;;;;;;;;;;;;;;;;;3
806;Organic;8;Other;Honey; (at 69°C);;0.415;;;80;;;;;;;;;;;;;;;;;;;;;;;;;;;;;;3
807;Organic;8;Other;Molasses;syrup (at 30°C);;0.346;;;23;;;;;;;;;;;;;;;;;;;;;;;;;;;;;;3
808;Organic;8;Other;Gelatin;gel (at 5°C);;0.522;;;94;;;;;;;;;;;;;;;;;;;;;;;;;;;;;;3
809;Organic;8;Other;Oil;almond (at 4°C);0.92;0.176;;;;;;;;;;;;;;;;;;;;;;;;;;;;;;;;;3
810;Organic;8;Other;Oil;cod liver (at 35°C);;0.17;;;;;;;;;;;;;;;;;;;;;;;;;;;;;;;;;3
811;Organic;8;Other;Oil;lemon (at 6°C);0.82;0.156;;;;;;;;;;;;;;;;;;;;;;;;;;;;;;;;;3
812;Organic;8;Other;Oil;mustard (at 25°C);1.02;0.17;;;;;;;;;;;;;;;;;;;;;;;;;;;;;;;;;3
813;Organic;8;Other;Oil;nutmeg (at 4°C);0.94;0.156;;;;;;;;;;;;;;;;;;;;;;;;;;;;;;;;;3
814;Organic;8;Other;Oil;olive (at 7°C);0.91;0.175;;;;;;;;;;;;;;;;;;;;;;;;;;;;;;;;;3
815;Organic;8;Other;Oil;olive (at 32°C);0.91;0.168;;;;;;;;;;;;;;;;;;;;;;;;;;;;;;;;;3
816;Organic;8;Other;Oil;olive (at 65°C);;0.166;;;;;;;;;;;;;;;;;;;;;;;;;;;;;;;;;3
817;Organic;8;Other;Oil;olive (at 151°C);;0.16;;;;;;;;;;;;;;;;;;;;;;;;;;;;;;;;;3
818;Organic;8;Other;Oil;olive (at 185°C);;0.156;;;;;;;;;;;;;;;;;;;;;;;;;;;;;;;;;3
819;Organic;8;Other;Oil;peanut (at 4°C);0.92;0.168;;;;;;;;;;;;;;;;;;;;;;;;;;;;;;;;;3
820;Organic;8;Other;Oil;peanut (at 25°C);;0.169;;;;;;;;;;;;;;;;;;;;;;;;;;;;;;;;;3
821;Organic;8;Other;Oil;rapeseed (at 20°C);0.91;0.16;;;;;;;;;;;;;;;;;;;;;;;;;;;;;;;;;3
822;Organic;8;Other;Oil;sesame (at 4°C);0.92;0.176;;;;;;;;;;;;;;;;;;;;;;;;;;;;;;;;;3
823;Organic;8;Other;Cooking oil elianto oil, salad, golden fry, rina;;0.88;;;;;;;;;;;;;;;;;;;;;;;;;;;;;;;;;;4
824;Organic;8;Other;Cooking oil, sima   ;;0.88;;;;;;;;;;;;;;;;;;;;;;;;;;;;;;;;;;4
825;Organic;8;Other;Cooking oil, tily, chipo, pura ;;0.88;;;;;;;;;;;;;;;;;;;;;;;;;;;;;;;;;;4
826;Organic;8;Other;Oil, other than palmoil  ;;0.92;;;;;;;;;;;;;;;;;;;;;;;;;;;;;;;;;;4
827;Organic;8;Other;Oil, palmoil    ;;0.89;;;;;;;;;;;;;;;;;;;;;;;;;;;;;;;;;;4
828;Organic;8;Other;Oil, sunflower    ;;0.96;;;;;;;;;;;;;;;;;;;;;;;;;;;;;;;;;;4
829;Organic;8;Other;Oil, vegetable, coconut   ;;0.924;;;;;;;;;;;;;;;;;;;;;;;;;;;;;;;;;;4
830;Organic;8;Other;Oil, vegetable, corn   ;;0.922;;;;;;;;;;;;;;;;;;;;;;;;;;;;;;;;;;4
831;Organic;8;Other;Oil, vegetable, olive   ;;0.918;;;;;;;;;;;;;;;;;;;;;;;;;;;;;;;;;;4
832;Organic;8;Other;Oil, vegetable, palm   ;;0.915;;;;;;;;;;;;;;;;;;;;;;;;;;;;;;;;;;4
833;Organic;8;Other;Oil, vegetable, peanut   ;;0.914;;;;;;;;;;;;;;;;;;;;;;;;;;;;;;;;;;4
834;Organic;8;Other;Oil, vegetable, soya   ;;0.927;;;;;;;;;;;;;;;;;;;;;;;;;;;;;;;;;;4
835;Organic;8;Other;Milk;canned, condensed, sweetened;;;2.35;;27.16;;;1.83;;;;;;;;;;;;;;;;;;;;;;;;;;;3
836;Organic;8;Other;Milk;evaporated;;;3.56;;74.04;;;1.55;;;;;;;;;;;;;;;;;;;;;;;;;;;3
837;Organic;8;Other;Milk;skim;;;3.95;;90.8;;;0.76;;;;;;;;;;;;;;;;;;;;;;;;;;;3
838;Organic;8;Other;Milk;skim, dried;;;1.8;;3.16;;;7.93;;;;;;;;;;;;;;;;;;;;;;;;;;;3
839;Organic;8;Other;Milk;whole;;;3.89;;87.69;;;0.72;;;;;;;;;;;;;;;;;;;;;;;;;;;3
840;Organic;8;Other;Milk;dried;;;1.85;;2.47;;;6.08;;;;;;;;;;;;;;;;;;;;;;;;;;;3
841;Organic;8;Other;Milk;whey, acid, dried;;;1.68;;3.51;;;10.77;;;;;;;;;;;;;;;;;;;;;;;;;;;3
842;Organic;8;Other;Milk;sweet, dried;;;1.69;;3.19;;;8.35;;;;;;;;;;;;;;;;;;;;;;;;;;;3
