ID;Type;Subtype;Object;abbr.;Comments;Density g/cm^3;Thermal conductivity W/mK;Specific Heat Capacity kJ/kg*K;Comments;Moisture content %wt;Volatile content %wt;Char content %wt;Ash content %wt;SUM;M_norm;V_norm;C_norm;A_norm;Comments;C %wt;H %wt;N %wt;S %wt;O %wt;Cl %wt;SUM;E_C_norm;E_H_norm;E_N_norm;E_S_norm;E_O_norm;E_Cl_norm;HHV [MJ/kg] DAF;HHV_D [MJ/kg];HHV_eff_norm  [MJ/kg];E_HHV [MJ/kg] DAF;E_HHV_D [MJ/kg];E_HHV_eff_norm  [MJ/kg];Ref
1;Plastic;1;High-density polyethylene ;HDPE;;;0.485;1.9;;;;;;;;;;;;;;;;;;;;;;;;;;;;;;;74
2;Plastic;1;High-density polyethylene ;HDPE;density at 15°C;0.89;;;;;;;;;;;;;;;;;;;;;;;;;;;;;;;;;93
3;Plastic;1;High-density polyethylene ;HDPE;at 300K;;0.46;;;;;;;;;;;;;;;;;;;;;;;;;;;;;;;;132
4;Plastic;1;High-density polyethylene ;HDPE;303-333K;;0.44;;;;;;;;;;;;;;;;;;;;;;;;;;;;;;;;131
5;Plastic;1;High-density polyethylene ;HDPE;at 23°C;;0.485;1.9;;;;;;;;;;;;;;;;;;;;;;;;;;;;;;;98
6;Plastic;1;High-density polyethylene ;HDPE;Cp at 25°C;0.958;0.54;1.76;;;;;;;;;;;;;;;;;;;;;;;;;;;;;;;115
7;Plastic;1;High-density polyethylene ;HDPE;;0.961;;;;;;;;;;;;;dry ash free basis;86.09;12.99;0.00;0.28;0.00;0;99.36;86.64452496;13.0736715;0;0.281803543;0;0;;;;;;;82
8;Plastic;1;High-density polyethylene ;HDPE;;;;;N/A;0.03;99.4;0;0;99.43;0.03017198;99.96982802;0;0;N/A;82.37;14.54;0;0;0.21;;97.12;84.81260297;14.97116969;0;0;0.216227348;;;;44.84;44.8535332;44.8535332;44.84;91
9;Plastic;1;High-density polyethylene ;HDPE;;;;;N/A;0;99.925;0;0;99.925;0;100;0;0;N/A;84.57;13.95;0.45;0;0;;98.97;85.4501364;14.09518036;0.454683237;0;0;;;;;;;;84
10;Plastic;1;High-density polyethylene ;HDPE;;;;;dry basis;0;100;0;0;100;0;100;0;0;dry ash free basis;85.73;14.27;0;0;0;;100;85.73;14.27;0;0;0;;;;;;;;79
11;Plastic;1;High-density polyethylene ;HDPE;;;;;dry basis;0;99.98;0.02;0;100;0;99.98;0.02;0;dry basis;85.08;14.92;0;0;0;;100;85.08;14.92;0;0;0;;;;;;;;80
12;Plastic;1;High-density polyethylene ;HDPE;;;;;dry basis;0;100;0;0;100;0;100;0;0;dry ash free basis;86.1;13;0;0;0.9;0;100;86.1;13;0;0;0.9;0;;;46.4;46.4;46.4;46.4;88
13;Plastic;1;High-density polyethylene ;HDPE;;0.95;0.4;2.25;dry basis;0;100;0;0;100;0;100;0;0;dry ash free basis;82.9;15.47;0;0;1.63;;100;82.9;15.47;0;0;1.63;;;;;;;;11
14;Plastic;1;High-density polyethylene ;HDPE;;0.9535;0.52;;;;;;;;;;;;;;;;;;;;;;;;;;;;;;;;130
15;Plastic;1;High-density polyethylene ;HDPE;;;;;dry basis;0;100;0;0;100;0;100;0;0;dry ash free basis;85.11;14.57;0.32;0;0;;100;85.11;14.57;0.32;0;0;;;;;;;;103
16;Plastic;1;High-density polyethylene ;HDPE;;0.918;;;dry basis;0;100;0;0;100;0;100;0;0;dry ash free basis;84.95;14.3;0.55;0;0.2;0;100;84.95;14.3;0.55;0;0.2;0;;;;;;;113
17;Plastic;1;High-density polyethylene ;HDPE;;;0.475;;;;;;;;;;;;;;;;;;;;;;;;;;;;;;;;135
18;Plastic;1;High-density polyethylene ;HDPE;;;;;dry basis;0;100;0;0;100;0;100;0;0;N/A;80.58;13.98;0.6;0.08;5.19;0;100.43;80.23498954;13.92014338;0.597431047;0.079657473;5.167778552;0;;;45.78;45.78;45.78;45.78;97
19;Plastic;1;High-density polyethylene ;HDPE;;;;;dry basis;0;99.99;0;0.01;100;0;99.99;0;0.01;N/A;85.09;14.04;0;0;0.86;;99.99;85.09850985;14.04140414;0;0;0.860086009;;;;;;;;116
20;Plastic;1;High-density polyethylene ;HDPE;;;;;N/A;0;99.92;0;0.08;100;0;99.92;0;0.08;N/A;83.29;13.93;0.2;0.07;2.51;0;100;83.29;13.93;0.2;0.07;2.51;0;;;47.64;47.67814251;47.64;47.64;120
21;Plastic;1;High-density polyethylene ;HDPE;;;;;N/A;15;84.9;0.02;0.08;100;15;84.9;0.02;0.08;N/A;84.74;11.95;0.02;0.66;2.63;;100;84.74;11.95;0.02;0.66;2.63;;;;;;;;122
22;Plastic;1;High-density polyethylene ;HDPE;;;;;as received;0.1;97.3;2.5;0.1;100;0.1;97.3;2.5;0.1;dry basis;85.4;11.37;0.09;0;0;;96.86;88.1684906;11.73859178;0.092917613;0;0;;;;45.15;45.24048096;45.1951952;45.15;32
23;Plastic;1;High-density polyethylene ;HDPE;;;;;dry basis;0;99.57;0.25;0.18;100;0;99.57;0.25;0.18;dry ash free basis;85.35;12.7;0.05;0.14;1.9;;100.14;85.23067705;12.68224486;0.049930098;0.139804274;1.897343719;;;46.36;;46.44359848;46.36;46.36;42
24;Plastic;1;High-density polyethylene ;HDPE;;;;;N/A;0.405;99.377;0;0.218;100;0.405;99.377;0;0.218;N/A;82.77;16.92;0;0.29;0;;99.98;82.78655731;16.92338468;0;0.290058012;0;;;;;;;;92
25;Plastic;1;High-density polyethylene ;HDPE;;;;;as received;0.72;99.27;0;0.38;100.37;0.71734582;98.904055;0;0.378599183;dry ash free basis;85.39;14.23;0.02;0.23;0.37;;100.24;85.18555467;14.19592977;0.019952115;0.229449322;0.369114126;;;;;;;;65
26;Plastic;1;High-density polyethylene ;HDPE;;;;;dry basis;0;99.42;0;0.58;100;0;99.42;0;0.58;dry ash free basis;85.44;14.24;0;0;0.32;0;100;85.44;14.24;0;0;0.32;0;;;;;;;31
27;Plastic;1;High-density polyethylene ;HDPE;;;;;dry basis;0;99.4;0;0.6;100;0;99.4;0;0.6;dry ash free basis;85.5;14.2;0;0.3;0;0;100;85.5;14.2;0;0.3;0;0;;;;;;;31
28;Plastic;1;High-density polyethylene ;HDPE;;;;;dry basis;0;99.4;0;0.6;100;0;99.4;0;0.6;dry ash free basis;85.5;14.2;0;0.3;0;0;100;85.5;14.2;0;0.3;0;0;;;;;;;111
29;Plastic;1;High-density polyethylene ;HDPE;;;;;dry basis;0;85.3;14.1;0.6;100;0;85.3;14.1;0.6;dry ash free basis;85.5;14.2;0;0.3;0;;100;85.5;14.2;0;0.3;0;;;;;;;;117
30;Plastic;1;High-density polyethylene ;HDPE;;;;;dry basis;0;99.19;0.02;0.79;100;0;99.19;0.02;0.79;;;;;;;;;;;;;;;;;;;;;57
31;Plastic;1;High-density polyethylene ;HDPE;;;;;dry basis;0;98.57;0.03;1.4;100;0;98.57;0.03;1.4;dry basis;83.73;15.52;0.01;0;0;0;99.26014199;84.35410057;15.63568184;0.010217583;0;0;0;;;;;;;119
32;Plastic;1;High-density polyethylene ;HDPE;;;;;w/d basis;0.2;96.5;1.7;1.8;100.2;0.2;96.31;1.6966;1.7964;dry basis;84.29;13.40;0.00;0.01;2.30;;100.00;84.29;13.40;0.00;0.01;2.30;;;;44.24;45.14119889;44.32865731;44.24;60
33;Plastic;1;High-density polyethylene ;HDPE;;;;;dry basis;0.32;91.88;3.9;3.9;100;0.32;91.88;3.9;3.9;dry ash free basis;83.40;12.70;1.08;0.002;2.80;;99.982;83.4150147;12.70228641;1.080194435;0.00200036;2.800504091;;;;46.48;48.52787638;46.62921348;46.48;114
34;Plastic;1;High-density polyethylene ;HDPE;;;;;air dry basis;0;100;0;0;100;0;100;0;0;N/A;84.95;14.3;0.55;0;0.2;0;100;84.95;14.3;0.55;0;0.2;0;;;;;;;97
35;Plastic;1;High-density polyethylene ;HDPE;;;;;N/A;1.56;89.25;1.3;4.65;96.76;1.612236461;92.23852832;1.343530384;4.805704837;N/A;78.2;12.875;0.375;0;0;;91.45;85.51120831;14.07873155;0.410060142;0;0;;;;;;;;84
36;Plastic;2;Low-density polyethylene;LDPE;;;;;as received;0.1;97.6;2.3;0;100;0.1;97.6;2.3;0;dry basis;84.1;12.15;0;0;0;;96.25;87.37662338;12.62337662;0;0;0;;;;45.7;45.74574575;45.74574575;45.7;32
37;Plastic;2;Low-density polyethylene;LDPE;;;;;as received;0;90;0;10;100;0;90;0;10;N/A;85.4;13.9;0;0;0.07;0;99.37;85.94143102;13.98812519;0;0;0.070443796;0;;18.43;;20.47777778;18.43;18.43;123
38;Plastic;2;Low-density polyethylene;LDPE;;;;;dry basis;0;99.98;0.02;0;100;0;99.98;0.02;0;dry ash free basis;85.98;11.2;0.21;0;2.61;;100;85.98;11.2;0.21;0;2.61;;;46.48;;46.48;46.48;46.48;42
39;Plastic;2;Low-density polyethylene;LDPE;;;;;dry basis;0;100;0;0;100;0;100;0;0;dry ash free basis;85.7;14.2;0.05;0;0.05;0;100;85.7;14.2;0.05;0;0.05;0;;;46.6;46.6;46.6;46.6;88
40;Plastic;2;Low-density polyethylene;LDPE;;;0.3;;;;;;;;;;;;;;;;;;;;;;;;;;;;;;;;135
41;Plastic;2;Low-density polyethylene;LDPE;;;;;dry basis;0;100;0;0;100;0;100;0;0;dry ash free basis;82.18;16.37;0;0;1.45;;100;82.18;16.37;0;0;1.45;;;;;;;;11
42;Plastic;2;Low-density polyethylene;LDPE;;;;;N/A;0.06;99.67;0;0;99.73;0.060162439;99.93983756;0;0;N/A;82.37;14.57;0.15;2.73;0.21;;100.03;82.34529641;14.56563031;0.149955013;2.729181246;0.209937019;;;;;;;;101
43;Plastic;2;Low-density polyethylene;LDPE;;;;;dry basis;0.15;99.65;0;0.02;99.82;0.15;99.82969345;0;0.020036065;;;;;;;;;;;;;;;;;;;;;57
44;Plastic;2;Low-density polyethylene;LDPE;;;;;N/A;0;99.9;0.05;0.05;100;0;99.9;0.05;0.05;N/A;85.7;14.14;0;0;0.16;;100;85.7;14.14;0;0;0.16;;;;;;;;99
45;Plastic;2;Low-density polyethylene;LDPE;;;;;as received;0.01;99.95;0;0.08;100.04;0.009996002;99.91003599;0;0.079968013;dry ash free basis;86.32;14.43;0;0.21;0;;100.96;85.49920761;14.29278922;0;0.20800317;0;;;;;;;;65
46;Plastic;2;Low-density polyethylene;LDPE;;0.9175;0.33;;;;;;;;;;;;;;;;;;;;;;;;;;;;;;;;130
47;Plastic;2;Low-density polyethylene;LDPE;;;;;as received;0.08;99.78;0.05;0.08;99.99;0.080008001;99.789979;0.050005001;0.080008001;as received;83.457;13.693;0.007;0.459;2.384;;100;83.457;13.693;0.007;0.459;2.384;;;;;;;;78
48;Plastic;2;Low-density polyethylene;LDPE;;0.923;0.3;2.2;;;;;;;;;;;;;;;;;;;;;;;;;;;;;;;133
49;Plastic;2;Low-density polyethylene;LDPE;;;;;N/A;0.199;99.653;0;0.148;100;0.199;99.653;0;0.148;N/A;83;16.75;0;0.25;0;;100;83;16.75;0;0.25;0;;;;;;;;92
50;Plastic;2;Low-density polyethylene;LDPE;;;;;dry basis;0;99.7;0;0.3;100;0;99.7;0;0.3;dry ash free basis;85.5;14.3;0;0.2;0;0;100;85.5;14.3;0;0.2;0;0;;;;;;;31
51;Plastic;2;Low-density polyethylene;LDPE;;;;;dry basis;0;92.1;7.6;0.3;100;0;92.1;7.6;0.3;dry ash free basis;85.5;14.3;0;0.2;0;;100;85.5;14.3;0;0.2;0;;;;;;;;117
52;Plastic;2;Low-density polyethylene;LDPE;;;;;dry basis;0;99.69;0;0.31;100;0;99.69;0;0.31;dry ash free basis;85.51;14.3;0;0;0.19;0;100;85.51;14.3;0;0;0.19;0;;;;;;;31
53;Plastic;2;Low-density polyethylene;LDPE;;;;;dry basis;0;99.6;0;0.4;100;0;99.6;0;0.4;dry ash free basis;85.5;14.3;0;0.2;0;;100;85.5;14.3;0;0.2;0;;;;;;;;111
54;Plastic;2;Low-density polyethylene;LDPE;;;;;N/A;0.76;95.59;2.82;0.83;100;0.76;95.59;2.82;0.83;N/A;85.68;14.2;0.05;0;0.02;0.05;100;85.68;14.2;0.05;0;0.02;0.05;;;;;;;59
55;Plastic;2;Low-density polyethylene;LDPE;;;;;air dry basis;0;99.08;0;0.92;100;0;99.08;0;0.92;N/A;86.35;13.58;0;0.074;0;;100.004;86.34654614;13.57945682;0;0.07399704;0;;;;;;;;102
56;Plastic;2;Low-density polyethylene;LDPE;;;;;air dry basis;0.34;95.61;0.68;3.37;100;0.34;95.61;0.68;3.37;;;;;;;;;;;;;;;;;;;;;66
57;Plastic;2;Low-density polyethylene;LDPE;;;;;dry basis;0.2;93.8;1.2;5;100.2;0.2;93.61;1.20;4.99;dry basis;78.90;12.60;0.20;0.02;8.28;;100.00;78.9;12.6;0.2;0.02;8.28;;;;43.39;45.76521464;43.47695391;43.39;60
58;Plastic;2;Low-density polyethylene;LDPE;;0.922;0.25;3.095;;;;;;;;;;;;;;;;;;;;;;;;;;;;;;;83
59;Plastic;2;Low-density polyethylene;LDPE;density at 15°C;0.78;;;;;;;;;;;;;;;;;;;;;;;;;;;;;;;;;93
60;Plastic;2;Low-density polyethylene;LDPE;at 300K;;0.34;;;;;;;;;;;;;;;;;;;;;;;;;;;;;;;;132
61;Plastic;2;Low-density polyethylene;LDPE;at 23°C;;0.33;2.1;;;;;;;;;;;;;;;;;;;;;;;;;;;;;;;98
62;Plastic;2;Low-density polyethylene;LDPE;;0.98068;0.218;;;;;;;;;;;;;;;;;;;;;;;;;;;;;;;;108
63;Plastic;2;Low-density polyethylene;LDPE;Cp at 25°C;0.921;0.37;2.09;;;;;;;;;;;;;;;;;;;;;;;;;;;;;;;115
64;Plastic;2;Low-density polyethylene;LDPE;;0.921;;;;;;;;;;;;;dry ash free basis;86.35;13.51;0;0.08;0;0;99.94;86.4018411;13.51811087;0;0.080048029;0;0;;;;;;;82
65;Plastic;2;Low-density polyethylene;LDPE;;;;;;;;;;;;;;;N/A;81.8;13.52;0.29;0;4.39;;100;81.8;13.52;0.29;0;4.39;;;;;;;;90
66;Plastic;3;Polyamide (nylon);PA;;;;;air dry basis;1.31;98.6;1.91;0.04;101.86;1.286078932;96.79952876;1.875122717;0.039269586;air dry basis;62.4;9.07;15.1;0.01;11.92;;98.5;63.35025381;9.208121827;15.32994924;0.010152284;12.10152284;;;;;;;;63
67;Plastic;3;Polyamide (nylon);PA;at 23°C;;0.26;1.7;air dry basis;1.32;98.65;0;0.04;100.01;1.319868013;98.64013599;0;0.039996;air dry basis;62.48;9.07;15.17;0.01;11.92;;98.65;63.33502281;9.194120628;15.37759757;0.010136847;12.08312215;;28.59;;;28.59;28.5784122;28.20121488;98
68;Plastic;3;Polyamide (nylon);PA;;;;;as received;1.1;98.4;0.2;0.3;100;1.1;98.4;0.2;0.3;dry basis;62.7;9.7;10.67;0;5.12;;88.19;71.0964962;10.99897948;12.09887742;0;5.805646899;;;;32.6;33.06288032;32.96258847;32.6;32
69;Plastic;3;Polyamide (nylon);PA;;;;;w/d basis;0.77;99.47;0.17;0.36;100.77;0.77;98.70;0.17;0.36;N/A;72.26;12.08;7.14;0;8.53;;100.01;72.25277472;12.07879212;7.139286071;0;8.529147085;;;;;;;;85
70;Plastic;3;Polyamide (nylon);PA;;1.129;;;;;;;;;;;;;;;;;;;;;;;;;;;;;;;;;112
71;Plastic;3;Polyamide (nylon);PA;Polyamide 11;1.04;0.25;1.26;;;;;;;;;;;;;;;;;;;;;;;;;;;;;;;69
72;Plastic;3;Polyamide (nylon);PA;Polyamid PA6;1.14;0.23;;;;;;;;;;;;;;;;;;;;;;;;;;;;;;;;70
73;Plastic;3;Polyamide (nylon);PA;PA 12;1.02;0.3;1.8;;;;;;;;;;;;;;;;;;;;;;;;;;;;;;;71
74;Plastic;3;Polyamide (nylon);PA;;1.183;;;;;;;;;;;;;;;;;;;;;;;;;;;;;;;;;72
75;Plastic;3;Polyamide (nylon);PA;Hippe PA 12 Nylon 12;1.02;0.23;2.1;;;;;;;;;;;;;;;;;;;;;;;;;;;;;;;73
76;Plastic;3;Polyamide (nylon);PA;Nylon 6;;0.26;1.7;;;;;;;;;;;;;;;;;;;;;;;;;;;;;;;74
77;Plastic;3;Polyamide (nylon);PA;Nylon 6,6;;0.25;1.67;;;;;;;;;;;;;;;;;;;;;;;;;;;;;;;74
78;Plastic;3;Polyamide (nylon);PA;;1.13;0.27;;;;;;;;;;;;;;;;;;;;;;;;;;;;;;;;86
79;Plastic;3;Polyamide (nylon);PA;;;0.3;;;;;;;;;;;;;;;;;;;;;;;;;;;;;;;;109
80;Plastic;4;Polyethylene;PE;;;;;N/A;0.1;98.87;0.04;0.99;100;0.1;98.87;0.04;0.99;N/A;81.8;13.6;0;0;0;0.01;95.41;85.73524788;14.25427104;0;0;0;0.010481082;;;;;;;125
81;Plastic;4;Polyethylene;PE;;0.918;;;;;;;;;;;;;;;;;;;;;;;;;;;;;;;;;112
82;Plastic;4;Polyethylene;PE;;;;;air dry basis;5.69;92.18;2.04;0.11;100.02;5.688862228;92.16156769;2.039592082;0.109978004;air dry basis;85.4;15.04;0;0;2.77;0;103.21;82.74392016;14.57223137;0;0;2.683848464;0;;;;;;;104
83;Plastic;4;Polyethylene;PE;;0.918;;1.9167;;;;;;;;;;;;;;;;;;;;;;;;;;;;;;;100
84;Plastic;4;Polyethylene;PE;;;;;as received;0;99.8;0.1;0.1;100;0;99.8;0.1;0.1;dry ash free basis;85.7;14.3;0;0;0;;100;85.7;14.3;0;0;0;;;;;;;;129
85;Plastic;4;Polyethylene;PE;;;;;air dry basis;0.02;99.83;0;0.15;100;0.02;99.83;0;0.15;dry ash free basis;85.83;14.38;0.16;0.07;0;0;100.44;85.45400239;14.31700518;0.159299084;0.069693349;0;0;;;;;;;10
86;Plastic;4;Polyethylene;PE;;;;;dry basis;0;99.7;0.1;0.2;100;0;99.7;0.1;0.2;dry basis;84.3;15.4;0;0;0.1;;99.8;84.46893788;15.43086172;0;0;0.100200401;;;;;;;;12
87;Plastic;4;Polyethylene;PE;;;;;N/A;1;95.5;2.4;1;99.9;1.001001001;95.5955956;2.402402402;1.001001001;N/A;77.61;11.91;0.1;0;10.38;;100;77.61;11.91;0.1;0;10.38;;;;;;;;107
88;Plastic;4;Polyethylene;PE;;;0.35;;;;;;;;;;;;;;;;;;;;;;;;;;;;;;;;136
89;Plastic;4;Polyethylene;PE;;;;;dry basis;0;99.7;0.1;0.2;100;0;99.7;0.1;0.2;dry basis;85.40;14.40;0.03;0.00;0.17;0;100;85.4;14.4;0.03;0;0.17;0;;;;;;;94
90;Plastic;4;Polyethylene;PE ;Cp at 300 K ;;;1.555;;;;;;;;;;;;;;;;;;;;;;;;;;;;;;;130
91;Plastic;4;Polyethylene;PE;;;;;dry basis;0;99.98;0.02;0;100;0;99.98;0.02;0;N/A;85.47;14.21;0.08;0.24;0.13;;100.13;85.35903326;14.19155098;0.079896135;0.239688405;0.129831219;;;;;;;;14
92;Plastic;4;Polyethylene;PE;;;;;w/d basis;0;99.4;0;0.6;100;0;99.4;0;0.6;dry ash free basis;85.5;14.2;0;0.3;0;0;100;85.5;14.2;0;0.3;0;0;;;;;;;18
93;Plastic;4;Polyethylene;PE;;;;;w/d basis;0;99.42;0;0.58;100;0;99.42;0;0.58;dry ash free basis;85.44;14.24;0;0;0.32;0;100;85.44;14.24;0;0;0.32;0;;;;;;;18
94;Plastic;4;Polyethylene;PE;;;;;;;;;;;;;;;dry ash free basis;85.85;14.15;0;0;0;0;100;85.85;14.15;0;0;0;0;;;;;;;18
95;Plastic;4;Polyethylene;PE;;;;;w/d basis;0;99.7;0;0.3;100;0;99.7;0;0.3;dry ash free basis;85.5;14.3;0;0.2;0;0;100;85.5;14.3;0;0.2;0;0;;;;;;;18
96;Plastic;4;Polyethylene;PE;;;;;w/d basis;0;99.69;0;0.31;100;0;99.69;0;0.31;dry ash free basis;85.51;14.3;0;0;0.19;0;100;85.51;14.3;0;0;0.19;0;;;;;;;18
97;Plastic;4;Polyethylene;PE;;;;;;;;;;;;;;;dry ash free basis;85.3;14.3;0;0.1;0.3;;100;85.3;14.3;0;0.1;0.3;;;;;;;;18
98;Plastic;4;Polyethylene;PE;;;;;w/d basis;0.17;99.98;0.02;0;100.17;0.17;99.81;0.019966;0;dry ash free basis;85.98;11.2;0.21;0.17;2.44;0;100;85.98;11.2;0.21;0.17;2.44;0;;46.48;;46.48;46.48;46.400984;18
99;Plastic;4;Polyethylene;PE;;;;;w/d basis;0;100;0;0;100;0;100;0;0;dry ash free basis;86.03;13.12;0;0;0.87;0;100.02;86.01279744;13.11737652;0;0;0.869826035;0;;35.725;;35.725;35.725;35.725;18
100;Plastic;4;Polyethylene;PE;;;;;w/d basis;0.17;99.94;0;0.06;100.17;0.17;99.77;0;0.059898;dry ash free basis;86.66;13.26;0.06;0.02;0;0;100;86.66;13.26;0.06;0.02;0;0;;37.6;;37.62257354;37.6;37.53608;18
101;Plastic;4;Polyethylene;PE;;;;;w/d basis;0.02;99.85;0;0.15;100.02;0.02;99.83;0;0.14997;dry ash free basis;85.94;13.88;0.12;0.06;0;;100;85.94;13.88;0.12;0.06;0;;;40.983;;41.04456685;40.983;40.9748034;18
102;Plastic;4;Polyethylene;PE;;;;;w/d basis;0.25;;;;;;;;;dry ash free basis;85.62;13.86;0.51;0;0;0;99.99;85.62856286;13.86138614;0.510051005;0;0;0;;44.263;;;44.263;;18
103;Plastic;4;Polyethylene;PE;;;;;w/d basis;0.02;99.85;0;0.15;100.02;0.02;99.83;0;0.14997;dry ash free basis;85.45;14.32;0.16;0.07;0;0;100;85.45;14.32;0.16;0.07;0;0;;46.318;;46.38758137;46.318;46.3087364;18
104;Plastic;4;Polyethylene;PE;;;;;w/d basis;0.39;99.7;0;0.3;100.39;0.39;99.31;0;0.29883;dry ash free basis;84.97;14.3;0.7;0.02;0;0;99.99;84.97849785;14.30143014;0.700070007;0.020002;0;0;;46.479;;46.61885657;46.479;46.2977319;18
105;Plastic;4;Polyethylene;PE;;;;;w/d basis;0.2;98.7;0.1;1.2;100.2;0.2;98.50;0.0998;1.1976;dry ash free basis;85.2;14.2;0.1;0.1;0;;99.6;85.54216867;14.25702811;0.100401606;0.100401606;0;;;43.552;;44.08097166;43.552;43.464896;18
106;Plastic;4;Polyethylene;PE;;;;;w/d basis;0.28;98.58;0;1.42;100.28;0.28;98.30;0;1.416024;dry ash free basis;85.15;14.36;0.07;0.19;0.22;0;99.99;85.15851585;14.36143614;0.070007001;0.190019002;0.220022002;0;;47.285;;47.96611889;47.285;47.152602;18
107;Plastic;4;Polyethylene;PE;;;;;w/d basis;0.57;97.41;0;2.59;100.57;0.57;96.85;0;2.575237;;;;;;;;0;;;;;;;;;;;;;18
108;Plastic;4;Polyethylene;PE;;;;;w/d basis;0.09;98.96;0.48;0.56;100.09;0.09;98.87;0.479568;0.559496;dry ash free basis;85.34;14.57;0;0;0.09;;100;85.34;14.57;0;0;0.09;;;;;;;;18
109;Plastic;4;Polyethylene;PE;;;;;;;;;;;;;;;dry ash free basis;85.59;14.41;0;0;0;;100;85.59;14.41;0;0;0;;;;;;;;18
110;Plastic;4;Polyethylene;PE;;;;;;;;;;;;;;;dry ash free basis;86.54;13.61;0;0;0;0;100.15;86.41038442;13.58961558;0;0;0;0;;;;;;;18
111;Plastic;4;Polyethylene;PE;;;;;;;;;;;;;;;dry ash free basis;85.96;14.04;0;0;0;0;100;85.96;14.04;0;0;0;0;;;;;;;18
112;Plastic;4;Polyethylene;PE;;;;;;;;;;;;;;;dry ash free basis;86.1;13;0;0;0.9;;100;86.1;13;0;0;0.9;;;;;;;;18
113;Plastic;4;Polyethylene;PE;;;;;w/d basis;0.02;99.85;0;0.15;;;;;;dry basis;85.81;13.86;0.12;0.06;0;;99.85;85.93890836;13.88082123;0.12018027;0.060090135;0;;;;;;;;126
114;Plastic;4;Polyethylene;PE;Cp at 20°C;;0.34;2.3;;;;;;;;;;;;;;;;;;;;;;;;;;;;;;;75
115;Plastic;4;Polyethylene;PE;at 23°C;0.91;;;;;;;;;;;;;;;;;;;;;;;;;;;;;;;;;95
116;Plastic;5;Polyethylene terephthalate;PET;;;;;w/d basis;0.61;86.83;13.17;0;100.61;0.61;86.30;13.09;0.00;dry basis;62.51;4.19;0;0;33.3;0;100;62.51;4.19;0;0;33.3;0;;;;;;;119
117;Plastic;5;Polyethylene terephthalate;PET;;;;;dry basis;0;86.85;13.15;0;100;0;86.85;13.15;0;dry basis;62.5;4.21;0;0;33.29;0;100;62.5;4.21;0;0;33.29;0;;;;;;;94
118;Plastic;5;Polyethylene terephthalate;PET;;;;;dry basis;0.1;88.1;11.8;0;100;0.1;88.1;11.8;0;dry ash free basis;62.1;4.4;0;0;33.5;;100;62.1;4.4;0;0;33.5;;;;46.16;46.20620621;46.20620621;46.16;61
119;Plastic;5;Polyethylene terephthalate;PET;;;;;N/A;0;88.61;11.39;0;100;0;88.61;11.39;0;N/A;64.22;4.65;0.05;0.55;30.53;;100;64.22;4.65;0.05;0.55;30.53;;;;;;;;118
120;Plastic;5;Polyethylene terephthalate;PET;;;;;dry basis;0;94.4;5.6;0;100;0;94.4;5.6;0;dry ash free basis;62.57;4.4;0;0;33.03;;100;62.57;4.4;0;0;33.03;;;;;;;;62
121;Plastic;5;Polyethylene terephthalate;PET;;;;;dry basis;0.535;89.29;10.47;0.01;100.305;0.533373212;89.01849359;10.4381636;0.009969593;;;;;;;;;;;;;;;;;;;;;57
122;Plastic;5;Polyethylene terephthalate;PET;;;;;w/d basis;0.36;89.3;10.6;0.1;100.36;0.36;88.98;10.56;0.10;;;;;;;;;;;;;;;;;42.68;42.87708021;42.83420313;42.68;81
123;Plastic;5;Polyethylene terephthalate;PET;;;;;dry basis;0.23;99.2;0;0.1;99.53;0.231086105;99.66844168;0;0.100472219;dry ash free basis;58.93;3.98;0.13;0;36.96;;100;58.93;3.98;0.13;0;36.96;0;;;;;;;67
124;Plastic;5;Polyethylene terephthalate;PET;;;;;dry basis;0;87.96;12;0.04;100;0;87.96;12;0.04;dry basis;62.8;4.3;0.07;0.04;32.79;;100;62.8;4.3;0.07;0.04;32.79;;;22.77;;22.77911164;22.77;22.77;127
125;Plastic;5;Polyethylene terephthalate;PET;density at 15°C;0.9;;;;;;;;;;;;;;;;;;;;;;;;;;;;;;;;;93
126;Plastic;5;Polyethylene terephthalate;PET;;;;;;;;;;;;;;;dry ash free basis;62;5.2;0;0;32.8;;100;62;5.2;0;0;32.8;;;;;;;;31
127;Plastic;5;Polyethylene terephthalate;PET;;;;;;;;;;;;;;;dry ash free basis;62.02;4.19;0.32;0.07;33.4;;100;62.02;4.19;0.32;0.07;33.4;;;;;;;;31
128;Plastic;5;Polyethylene terephthalate;PET;;;;;dry basis;0;90.44;9.47;0.09;100;0;90.44;9.47;0.09;dry ash free basis;62.93;4.26;0.04;0.13;32.64;;100;62.93;4.26;0.04;0.13;32.64;;;23.09;;23.11079972;23.09;23.09;31
129;Plastic;5;Polyethylene terephthalate;PET;;;;;dry basis;0;94.09;5.6;0.31;100;0;94.09;5.6;0.31;dry ash free basis;62.26;4.06;0;0;33.69;;100.01;62.25377462;4.059594041;0;0;33.68663134;;;;;;;;31
130;Plastic;5;Polyethylene terephthalate;PET;;;;;dry basis;0;90.44;9.47;0.09;100;0;90.44;9.47;0.09;dry ash free basis;63.01;4.27;0.04;0;32.69;;100.01;63.00369963;4.269573043;0.039996;0;32.68673133;;;23.09;;23.11079972;23.09;23.09;42
131;Plastic;5;Polyethylene terephthalate;PET;TC at 293 K and CP at 300 K;1.375;0.15;1.172;;;;;;;;;;;;;;;;;;;;;;;;;;;;;;;130
132;Plastic;5;Polyethylene terephthalate;PET;;;;;dry basis;0;85;10.6;4.4;100;0;85;10.6;4.4;dry ash free basis;66.2;4.9;0;0;28.9;;100;66.2;4.9;0;0;28.9;;;;;;;;11
133;Plastic;5;Polyethylene terephthalate;PET;;;;;dry basis;0.03;99.53;0;0.44;100;0.03;99.53;0;0.44;;;;;;;;;;;;;;;45.735;;;45.735;45.53370561;45.5200455;64
134;Plastic;5;Polyethylene terephthalate;PET;;1.3525;;1.1833;;;;;;;;;;;;;;;;;;;;;;;;;;;;;;;100
135;Plastic;5;Polyethylene terephthalate;PET;;;;;w/d basis;0.4;85.4;13.7;0.9;100.4;0.4;85.06;13.65;0.90;dry basis;62;5.36;0.03;0.01;32.6;;100;62;5.36;0.03;0.01;32.6;;;;24.04;24.35574792;24.13654618;24.04;60
136;Plastic;5;Polyethylene terephthalate;PET;;;;;as received;0.06;85.64;13.1;1.2;100;0.06;85.64;13.1;1.2;dry ash free basis;63.04;4.34;0.03;0.18;32.59;;100.18;62.92673188;4.332202036;0.029946097;0.179676582;32.5314434;;;;;;;;65
137;Plastic;5;Polyethylene terephthalate;PET;;;;;dry basis;0;98.7;0;1.3;100;0;98.7;0;1.3;;;;;;;;;;;;;;;;;;;;;68
138;Plastic;5;Polyethylene terephthalate;PET;;;;;dry basis;0.46;83.92;13.78;1.84;100;0.46;83.92;13.78;1.84;dry ash free basis;62.48;4.8;0.32;0;32.4;;100;62.48;4.8;0.32;0;32.4;;;;23.97;24.53428864;24.08077155;23.97;114
139;Plastic;5;Polyethylene terephthalate;PET;;;;;N/A;0.27;79.92;17.89;1.92;100;0.27;79.92;17.89;1.92;N/A;62.318;4.221;0;0;33.46;;99.999;62.31862319;4.22104221;0;0;33.4603346;;;;;;;;89
140;Plastic;5;Polyethylene terephthalate;PET;;;;;dry basis;0;88.54;9.37;2.09;100;0;88.54;9.37;2.09;dry basis;61.87;4.35;0;0;33.78;;100;61.87;4.35;0;0;33.78;;;;;;;;58
141;Plastic;5;Polyethylene terephthalate;PET;;;0.275;1.275;;;;;;;;;;;;;;;;;;;;;;;;;;;;;;;74
142;Plastic;5;Polyethylene terephthalate;PET;at 23°C;1.03;;;;;;;;;;;;;;;;;;;;;;;;;;;;;;;;;95
143;Plastic;5;Polyethylene terephthalate;PET;;1.386;;;;;;;;;;;;;;;;;;;;;;;;;;;;;;;;;106
144;Plastic;5;Polyethylene terephthalate;PET;at 300 K;;0.2;;;;;;;;;;;;;;;;;;;;;;;;;;;;;;;;132
145;Plastic;5;Polyethylene terephthalate;PET;at 23°C;;0.275;1.275;;;;;;;;;;;;;;;;;;;;;;;;;;;;;;;98
146;Plastic;6;Polypropylene;PP;;;;;;;;;;;;;;;N/A;85.19;14.81;0;0;0;0;100;85.19;14.81;0;0;0;0;;;;;;;124
147;Plastic;6;Polypropylene;PP;;;;;N/A;0.15;95.08;1.22;3.55;100;0.15;95.08;1.22;3.55;N/A;80.3;13.2;0;0;0;0.06;93.56;85.82727661;14.10859342;0;0;0;0.06412997;;;;;;;125
148;Plastic;6;Polypropylene;PP;;;;;N/A;0;99.3;0;0.7;100;0;99.3;0;0.7;N/A;82.92;14.47;0.16;0;1.75;;99.3;83.50453172;14.57200403;0.161127895;0;1.762336354;;;;;;;;107
149;Plastic;6;Polypropylene;PP;;;;;dry basis;0;99.97;0.03;0;100;0;99.97;0.03;0;N/A;84.13;14.96;0.23;0.24;0.43;;99.99;84.13841384;14.96149615;0.230023002;0.240024002;0.430043004;;;;;;;;14
150;Plastic;6;Polypropylene;PP;;;0.145;;;;;;;;;;;;;;;;;;;;;;;;;;;;;;;;135
151;Plastic;6;Polypropylene;PP;;;;;dry basis;0;100;0;0;100;0;100;0;0;dry basis;85.14;14.85;0.01;0;0;;100;85.14;14.85;0.01;0;0;;;;;;;;80
152;Plastic;6;Polypropylene;PP;TC at 297K and Cp 296K;0.9;;1.68;;;;;;;;;;;;;;;;;;;;;;;;;;;;;;;134
153;Plastic;6;Polypropylene;PP;;0.955;;;dry basis;0;100;0;0;100;0;100;0;0;dry ash free basis;86.1;13.7;0;0;0.2;0;100;86.1;13.7;0;0;0.2;0;;;46.4;46.4;46.4;46.4;88
154;Plastic;6;Polypropylene;PP;;0.9;0.15;1.7;dry basis;0;100;0;0;100;0;100;0;0;dry ash free basis;85.1;13.38;0;0;1.52;;100;85.1;13.38;0;0;1.52;;;;;;;;11
155;Plastic;6;Polypropylene;PP;;;;;dry basis;0;99.98;0;0.02;100;0;99.98;0;0.02;dry ash free basis;83.51;10.64;0.22;0;5.63;;100;83.51;10.64;0.22;0;5.63;;;45.2;;45.20904181;45.2;45.2;42
156;Plastic;6;Polypropylene;PP;;;;;air dry basis;0.03;99.9;0.03;0.04;100;0.03;99.9;0.03;0.04;air dry basis;85.71;14.18;0.03;0.04;0.04;0;100;85.71;14.18;0.03;0.04;0.04;0;;;;;;;105
157;Plastic;6;Polypropylene;PP;;;;;dry basis;0;99.85;0;0.15;100;0;99.85;0;0.15;dry basis;85.03;14.8;0;0;0;;99.83;85.17479716;14.82520284;0;0;0;;;;42.8;42.86429644;42.8;42.8;43
158;Plastic;6;Polypropylene;PP;;0.937;0.11;2;;;;;;;;;;;;;;;;;;;;;;;;;;;;;;;133
159;Plastic;6;Polypropylene;PP;;;;;N/A;0.076;99.63;0;0.294;100;0.076;99.63;0;0.294;N/A;85;14.73;0.04;0.23;0;;100;85;14.73;0.04;0.23;0;;;;;;;;92
160;Plastic;6;Polypropylene;PP;;;;;as received;5.68;95;0;0.39;101.07;5.619867419;93.9942614;0;0.385871178;dry ash free basis;78.85;12.74;0.04;0.23;8.38;;100.24;78.66121309;12.70949721;0.03990423;0.229449322;8.359936153;;;;;;;;65
161;Plastic;6;Polypropylene;PP;;;;;dry basis;0;99.19;0.11;0.7;100;0;99.19;0.11;0.7;dry  basis;85.52;14.40;0;0.08;0;0;100;85.52;14.4;0;0.08;0;0;;;;;;;94
162;Plastic;6;Polypropylene;PP;;;;;dry basis;0;100;0;0;100;0;100;0;0;dry basis;86.00;14.00;0;0;0;;100;86.00;14.00;0;0;0;;;43.4;;43.4;43.4;43.4;127
163;Plastic;6;Polypropylene;PP;;;;;dry basis;0;99.3;0;0.7;100;0;99.3;0;0.7;as received basis;86.42;12.28;0.72;0.17;0;;99.59;86.7757807;12.33055528;0.722964153;0.170699869;0;;;44.7;;45.01510574;44.7;44.7;128
164;Plastic;6;Polypropylene;PP;;;;;N/A;0.2;99;0.1;0.7;100;0.2;99;0.1;0.7;N/A;83.54;13.95;0.12;0;1.69;;99.3;84.12890232;14.04833837;0.120845921;0;1.701913394;;;;;;;;107
165;Plastic;6;Polypropylene;PP;;;;;dry basis;0;99.1;0;0.9;100;0;99.1;0;0.9;dry ash free basis;85.1;14.4;0;0.5;0;;100;85.1;14.4;0;0.5;0;;;;;;;;111
166;Plastic;6;Polypropylene;PP;;;;;dry basis;0;95.1;3.8;1.1;100;0;95.1;3.8;1.1;dry ash free basis;83.8;13.9;0;2.3;0;;100;83.8;13.9;0;2.3;0;;;;;;;;117
167;Plastic;6;Polypropylene;PP;;0.952;;;N/A;;;;1.14;1.14;;;;;;;;;;;;;;;;;;;;;;;;;112
168;Plastic;6;Polypropylene;PP;;;;;dry basis;0.3;96.6;2.2;1.2;100.3;0.3;96.31;2.19;1.20;dry basis;81.43;12.60;0.06;0.01;5.90;;100;81.43;12.6;0.06;0.01;5.9;;;;44.17;44.84100073;44.30290873;44.17;60
169;Plastic;6;Polypropylene;PP;;;;;w/d basis;0.18;97.85;0.16;1.99;100.18;0.18;97.67;0.16;1.99;;;;;;;;;;;;;;;;;;;;;119
170;Plastic;6;Polypropylene;PP;;;;;dry basis;0.16;96.46;0.69;2.77;100.08;0.159872102;96.38289369;0.689448441;2.767785771;;;;;;;;;;;;;;;;;;;;;57
171;Plastic;6;Polypropylene;PP;;;;;N/A;0;94.73;1.93;3.34;100;0;94.73;1.93;3.34;N/A;84.32;14.19;0.67;0.06;0.15;0.61;100;84.32;14.19;0.67;0.06;0.15;0.61;;;;;;;59
172;Plastic;6;Polypropylene;PP;;0.897;0.22;;;;;;;;;;;;;;;;;;;;;;;;;;;;;;;;136
173;Plastic;6;Polypropylene;PP;;;;;dry basis;0.44;93.84;2.04;3.68;100;0.44;93.84;2.04;3.68;dry ash free basis;83.28;13.81;1.01;0.001;1.9;;100.001;83.27916721;13.8098619;1.0099899;0.00099999;1.899981;;;;44.43;46.33917397;44.62635597;44.43;114
174;Plastic;6;Polypropylene;PP;;;;;dry basis;0.7;96.9;2.1;5;104.7;0.668576886;92.55014327;2.005730659;4.775549188;dry ash free basis;80.20;12.71;0.23;0.03;6.83;;100;80.20;12.71;0.23;0.03;6.83;;;;42.84;45.30654545;43.12834615;42.84;60
175;Plastic;6;Polypropylene;PP;;;;;w/d basis;0.05;99.98;0;0.02;100.05;0.05;99.93;0;0.01999;;;;;;;;;;;;;;;;45.2;;45.20904181;45.2;45.1774;18
176;Plastic;6;Polypropylene;PP;;;;;w/d basis;0;99.84;0;0.16;100;0;99.84;0;0.16;dry ash free basis;84.30;14.44;0.18;0.03;1.05;;100;84.30;14.44;0.18;0.03;1.05;;;45.77;;45.84234776;45.77;45.769;18
177;Plastic;6;Polypropylene;PP;;;;;w/d basis;0.05;99.97;0.01;0.02;100.05;0.05;99.92;0.009995;0.01999;dry ash free basis;85.41;12.51;0.23;0.00;1.85;;100;85.41;12.51;0.23;0.00;1.85;;;46.24;;46.24824965;46.24;46.2158805;18
178;Plastic;6;Polypropylene;PP;;;;;w/d basis;0;99.18;0;0.82;100;0;99.18;0;0.82;dry ash free basis;83.75;13.98;0.00;0.00;2.27;0;100;83.75;13.98;0.00;0.00;2.27;0;;;;;;;18
179;Plastic;6;Polypropylene;PP;;;;;w/d basis;0;98.9;0;1.1;100;0;98.9;0;1.1;;;;;;;;;;;;;;;;;;;;;18
180;Plastic;6;Polypropylene;PP;;;;;w/d basis;0.23;99.79;0.13;0.08;100.23;0.23;99.56;0.129701;0.079816;dry ash free basis;84.62;15.23;0.14;0.01;0.00;0;100;84.62;15.23;0.14;0.01;0.00;0;;;;;;;18
181;Plastic;6;Polypropylene;PP;;;;;;;;;;;;;;;dry ash free basis;85.22;13.70;0.00;0.00;1.08;0;100;85.22;13.70;0.00;0.00;1.08;0;;;;;;;18
182;Plastic;6;Polypropylene;PP;;;;;;;;;;;;;;;dry ash free basis;85.10;14.40;0.00;0.00;0.50;;100;85.10;14.40;0.00;0.00;0.50;;;;;;;;18
183;Plastic;6;Polypropylene;PP;;;;;;;;;;;;;;;dry ash free basis;86.72;13.28;0.00;0.00;0.00;;100.00;86.72;13.28;0.00;0.00;0.00;;;;;;;;18
184;Plastic;6;Polypropylene;PP;;;;;;;;;;;;;;;dry ash free basis;86.39;13.61;0;0;0;0;100;86.39;13.61;0;0;0;0;;;;;;;18
185;Plastic;6;Polypropylene;PP;density at 15°C;0.86;;;;;;;;;;;;;;;;;;;;;;;;;;;;;;;;;93
186;Plastic;6;Polypropylene;PP;at 23°C;0.94;;;;;;;;;;;;;;;;;;;;;;;;;;;;;;;;;95
187;Plastic;6;Polypropylene;PP;at 23°C;;0.16;1.8;;;;;;;;;;;;;;;;;;;;;;;;;;;;;;;98
188;Plastic;6;Polypropylene;PP;;0.904;;;;;;;;;;;;;;;;;;;;;;;;;;;;;;;;;106
189;Plastic;6;Polypropylene;PP;;0.918;;;;;;;;;;;;;;;;;;;;;;;;;;;;;;;;;106
190;Plastic;6;Polypropylene;PP;;0.904;;;;;;;;;;;;;;;;;;;;;;;;;;;;;;;;;106
191;Plastic;6;Polypropylene;PP;;0.907;;;;;;;;;;;;;;;;;;;;;;;;;;;;;;;;;106
192;Plastic;6;Polypropylene;PP;;;0.245;;;;;;;;;;;;;;;;;;;;;;;;;;;;;;;;109
193;Plastic;6;Polypropylene;PP;Cp at 25°C;0.903;0.22;1.67;;;;;;;;;;;;;;;;;;;;;;;;;;;;;;;115
194;Plastic;6;Polypropylene;PP;;0.903;;;;;;;;;;;;;dry ash free basis;86.06;13.70;0;0;0;0;99.76;86.2670409;13.7329591;0;0;0;0;;;;;;;82
195;Plastic;6;Polypropylene;PP;TC at 293 K  and Cp at 300 K ;0.885;0.12;1.622;;;;;;;;;;;;;;;;;;;;;;;;;;;;;;;130
196;Plastic;6;Polypropylene;PP;at 300K;;0.2;;;;;;;;;;;;;;;;;;;;;;;;;;;;;;;;132
197;Plastic;6;Polypropylene;PP;;;;;;;;;;;;;;;N/A;83.28;13.61;0.16;0;2.96;;100.01;83.27167283;13.60863914;0.159984002;0;2.95970403;;;;;;;;90
198;Plastic;7;Polystyrene;PS;;;;;dry basis;0;99.9;0.1;0;100;0;99.9;0.1;0;N/A;92.8;7.2;0;0;0;;100;92.8;7.2;0;0;0;;;;46.116;46.116;46.116;46.116;61
199;Plastic;7;Polystyrene;PS;;;;;;;;;;;;;;;N/A;93.63;6.36;0;0;0;0;99.99;93.63936394;6.360636064;0;0;0;0;;;;;;;124
200;Plastic;7;Polystyrene;PS;;;;;as received;0;100;0;0;100;0;100;0;0;dry basis;90.7;7.7;0.05;0;1.55;0;100;90.7;7.7;0.05;0;1.55;0;;;41.95;41.95;41.95;41.95;32
201;Plastic;7;Polystyrene;PS;*shift of the reference for the thermophysical properties - WIP;1.05;0.028;1.968;dry basis;0;100;0;0;100;0;100;0;0;dry ash free basis;91.2;8.8;0;0;0;;100;91.2;8.8;0;0;0;;;;;;;;11
202;Plastic;7;Polystyrene;PS;;;;;N/A;0;99.78;0.22;0;100;0;99.78;0.22;0;N/A;91.57;7.8;0.15;0.04;0.45;;100.01;91.56084392;7.799220078;0.149985001;0.039996;0.449955004;;;;;;;;110
203;Plastic;7;Polystyrene;PS;;;;;dry basis;0;99.8;0.2;0;100;0;99.8;0.2;0;dry ash free basis;92.7;7.9;0;0;0;0;100.6;92.1471173;7.852882704;0;0;0;0;;;42.1;42.1;42.1;42.1;88
204;Plastic;7;Polystyrene;PS;;;;;dry basis;0.27;99.56;0.16;0;99.99;0.270027003;99.569957;0.160016002;0;;;;;;;;;;;;;;;;;;;;;57
205;Plastic;7;Polystyrene;PS;at 300K ;;0.14;;;;;;;;;;;;;;;;;;;;;;;;;;;;;;;;132
206;Plastic;7;Polystyrene;PS;;;;;dry basis;0;99.57;0.39;0.04;100;0;99.57;0.39;0.04;dry ash free basis;86.06;6.27;5.73;0;1.93;;99.99;86.06860686;6.270627063;5.730573057;0;1.930193019;;;38.93;;38.94557823;38.93;38.93;42
207;Plastic;7;Polystyrene;PS;;;;;air dry basis;2.51;92.48;4.92;0.09;100.0023172;2.509941841;92.47785714;4.919885998;0.092315022;air dry basis;92.59;8.13;0;0.00;2.24;0;102.96;89.92812743;7.896270396;0;0;2.175602176;0;;;;;;;104
208;Plastic;7;Polystyrene;PS;;;;;N/A;0.235;99.59;0;0.175;100;0.235;99.59;0;0.175;N/A;90.47;9.43;0;0.08;0;;99.98;90.48809762;9.431886377;0;0.080016003;0;;;;;;;;92
209;Plastic;7;Polystyrene;PS;;;;;dry basis;0;99.80;0.00;0.20;100;0;99.8;0;0.2;dry basis;90.20;8.50;0.00;0.00;1.30;0;100;90.2;8.5;0;0;1.3;0;;;;;;;94
210;Plastic;7;Polystyrene;PS;;;;;dry basis;0.5;99.24;0.02;0.24;100;0.5;99.24;0.02;0.24;dry basis;90.55;7.82;0.17;1.22;0.00;;99.76;90.76784282;7.838813152;0.170408982;1.222935044;0;;;;;;;;43
211;Plastic;7;Polystyrene;PS;;;;;w/d basis;0.45;99.57;0.39;0.04;100.45;0.45;99.12;0.388245;0.03982;dry ash free basis;;;;;;;;;;;;;;;38.93;;38.94557823;38.93;38.754815;18
212;Plastic;7;Polystyrene;PS;;;;;w/d basis;0.2;99.4;0.1;0.5;100.2;0.2;99.20;0.0998;0.499;dry ash free basis;87.1;8.4;0.2;0;4;;99.7;87.36208626;8.425275827;0.200601805;0;4.012036108;0;;;;;;;18
213;Plastic;7;Polystyrene;PS;;;;;w/d basis;0;99.49;0.00;0.51;100;0;99.49;0.00;0.51;dry ash free basis;91.08;7.68;0;0.00;1.24;0;100.00;91.08;7.68;0;0.00;1.24;0;;;;;;;18
214;Plastic;7;Polystyrene;PS;;;;;w/d basis;0.06;99.39;0.60;0.01;100.06;0.06;99.33;0.59964;0.009994;dry ash free basis;;;;;;;;;;;;;;;;;;;;18
215;Plastic;7;Polystyrene;PS;;;;;;;;;;;;;;;dry ash free basis;89.20;9.00;0.00;0.00;1.80;;100.00;89.20;9.00;0.00;0.00;1.80;;;;;;;;18
216;Plastic;7;Polystyrene;PS;;;;;;;;;;;;;;;dry ash free basis;89.06;10.02;0.00;0.37;0.55;;100.00;89.06;10.02;0.00;0.37;0.55;;;;;;;;18
217;Plastic;7;Polystyrene;PS;;;;;;;;;;;;;;;dry ash free basis;92.14;7.86;0.00;0.00;0.00;0;100.00;92.14;7.86;0.00;0.00;0.00;0;;;;;;;18
218;Plastic;7;Polystyrene;PS;;;;;;;;;;;;;;;dry ash free basis;87.76;9.25;0.00;0.04;5.30;0;102.35;85.74499267;9.037616023;0;0.039081583;5.178309722;0;;;;;;;18
219;Plastic;7;Polystyrene;PS;TC at 373K and Cp at 300K;1.065;0.128;1.223;;;;;;;;;;;;;;;;;;;;;;;;;;;;;;;130
220;Plastic;7;Polystyrene;PS;;1.05;0.14;2.1;;;;;;;;;;;;;;;;;;;;;;;;;;;;;;;133
221;Plastic;7;Polystyrene;PS;;1.05;;;;;;;;;;;;;;;;;;;;;;;;;;;;;;;;;137
222;Plastic;7;Polystyrene;PS;;;;;dry basis;0.28;94.33;4.55;0.84;100;0.28;94.33;4.55;0.84;dry ash free basis;89.20;8.78;0.01;0.00;2.01;;100;89.2;8.78;0.01;0;2.01;;;;40.34;40.79692557;40.45326915;40.34;114
223;Plastic;7;Polystyrene;PS;;;;;as received;0.86;97.71;0.45;0.98;100;0.86;97.71;0.45;0.98;dry ash free basis;90.34;9.06;0.29;0;0.31;;100;90.34;9.06;0.29;0;0.31;;;;;;;;76
224;Plastic;7;Polystyrene;PS;;;;;dry basis;0.3;94.2;1.3;4.5;100.3;0.3;93.92;1.30;4.49;dry basis;84.48;8.86;0.09;0.01;6.56;;100;84.48;8.86;0.09;0.01;6.56;;;;41.02;43.08212596;41.14343029;41.02;60
225;Plastic;7;Polystyrene;PS;;;;;as received;1.72;98.25;0.00;5.23;105.2;1.634980989;93.39353612;0;4.97148289;dry ash free basis;89.91;8.14;0.11;0.23;1.84;;100.23;89.70368153;8.121320962;0.109747581;0.229472214;1.835777711;;;;;;;;65
226;Plastic;7;Polystyrene;PS;density at 15°C;0.85;;;;;;;;;;;;;;;;;;;;;;;;;;;;;;;;;93
227;Plastic;7;Polystyrene;PS;at 23°C;0.902;;;;;;;;;;;;;;;;;;;;;;;;;;;;;;;;;95
228;Plastic;7;Polystyrene;PS;at 23°C;;0.115;1.2;;;;;;;;;;;;;;;;;;;;;;;;;;;;;;;98
229;Plastic;7;Polystyrene;PS;;1.04;;;;;;;;;;;;;;;;;;;;;;;;;;;;;;;;;112
230;Plastic;7;Polystyrene;PS;;1.05;;;;;;;;;;;;;dry ash free basis;92.66;7.86;0;0.04;0;0;100.56;92.14399364;7.816229117;0;0.039777247;0;0;;;;;;;82
231;Plastic;8;Polyvinylchloride;PVC;;;;;;;;;;;;;;;dry basis;42.51;5.35;0;0;1.08;50.93;99.87;42.56533494;5.356964053;0;0;1.081405828;50.99629518;;;;;;;87
232;Plastic;8;Polyvinylchloride;PVC;;;;;;;;;;;;;;;dry basis;40.1;5.1;0;0;0;53.7;98.9;40.54600607;5.156723964;0;0;0;54.29726997;;;;;;;138
233;Plastic;8;Polyvinylchloride;PVC;;;;;dry basis;0.77;94.26;5.74;0;100.77;0.77;93.53;5.70;0;;;;;;;;;;;;;;;;;;;;;57
234;Plastic;8;Polyvinylchloride;PVC;;;;;w/d basis;0.74;94.82;5.19;0;100.75;0.74;94.12;5.15;0.00;dry basis;42.52;6.16;0;0;0;51.31;99.99;42.52425243;6.160616062;0;0;0;51.31513151;;;;;;;119
235;Plastic;8;Polyvinylchloride;PVC;;;;;dry basis;0;94.93;5.07;0;100;0;94.93;5.07;0;dry ash free basis;38.34;4.47;0.23;0;0;56.96;100;38.34;4.47;0.23;0;0;56.96;;20.83;;20.83;20.83;20.83;42
236;Plastic;8;Polyvinylchloride;PVC;;;;;air dry basis;0.01;96.52;3.47;0;100;0.01;96.52;3.47;0;air dry basis;37.78;4.83;0.14;0.16;0.36;56.73;100;37.78;4.83;0.14;0.16;0.36;56.73;;;;;;;105
237;Plastic;8;Polyvinylchloride;PVC;;;;;N/A;0;97.23;2.77;0;100;0;97.23;2.77;0;N/A;38.64;4.77;0.14;0.11;0;56.34;100;;;;;;;;;;;;;14
238;Plastic;8;Polyvinylchloride;PVC;;;;;air dry basis;0.86;98.88;0.17;0.09;100.0007807;0.859993286;98.87922804;0.169998673;0.090780005;air dry basis;38.53;5.04;0.013;0.176;0;56.25;100.009;38.52653261;5.039546441;0.01299883;0.175984161;0;56.24493796;;;;;;;104
239;Plastic;8;Polyvinylchloride;PVC;;;;;dry basis;0;94.8;4.8;0.4;100;0;94.8;4.8;0.4;dry ash free basis;41.4;5.3;0.04;0.03;5.83;47.7;100.3;41.27617149;5.284147557;0.039880359;0.029910269;5.812562313;47.55732802;;;22.8;22.89156627;22.8;22.8;88
240;Plastic;8;Polyvinylchloride;PVC;;;;;dry basis;0.02;88.95;8.67;2.36;100;0.02;88.95;8.67;2.36;dry basis;38.80;5.14;0.09;0;0;53.61;97.64217534;39.73692707;5.264118689;0.094401152;0;0;54.90455309;;;;;;;43
241;Plastic;8;Polyvinylchloride;PVC;;;;;w/d basis;0.21;85.94;9.87;4.19;100.21;0.21;85.76;9.85;4.18;dry ash free basis;40.59;5;0.08;0.2;0.59;53.53;99.99;40.59405941;5.00050005;0.080008001;0.200020002;0.590059006;53.53535354;21.17;;;21.17;20.282977;20.24038275;13
242;Plastic;8;Polyvinylchloride;PVC;;;;;as received;0.2;85.9;6.3;7.6;100;0.2;85.9;6.3;7.6;dry basis;35.9;4.4;0.11;0;0;59.59;100;;;;;;;;;18.1;19.63123644;18.13627255;18.1;32
243;Plastic;8;Polyvinylchloride;PVC;;;0.17;0.9;;;;;;;;;;;;;;;;;;;;;;;;;;;;;;;77
244;Plastic;8;Polyvinylchloride;PVC;density at 15°C;0.84;;;;;;;;;;;;;;;;;;;;;;;;;;;;;;;;;93
245;Plastic;8;Polyvinylchloride;PVC;at 23°C;1.35;;;;;;;;;;;;;;;;;;;;;;;;;;;;;;;;;95
246;Plastic;8;Polyvinylchloride;PVC;;1.413;0.208;1.015;;;;;;;;;;;;;;;;;;;;;;;;;;;;;;;96
247;Plastic;8;Polyvinylchloride;PVC;;;0.2;;;;;;;;;;;;;;;;;;;;;;;;;;;;;;;;109
248;Plastic;8;Polyvinylchloride;PVC;;;;;;;;;;;;;;;dry ash free basis;38.02;4.78;0.17;0;0;56.5;99.47;38.22257967;4.805468986;0.170905801;0;0;56.80104554;;;;;;;82
249;Plastic;8;Polyvinylchloride;PVC;TC at 293 K and Cp at 300 K ;1.405;0.158;0.9496;;;;;;;;;;;;;;;;;;;;;;;;;;;;;;;130
250;Plastic;8;Polyvinylchloride;PVC;;1.089;;;;;;;;;;;;;;;;;;;;;;;;;;;;;;;;;121
251;Plastic;8;Polyvinylchloride;PVC;;;;;w/d basis;0.78;79.81;11.45;8.74;100.78;0.78;79.19;11.36;8.67;dry ash free basis;37.81;4.25;0.09;0.19;0;57.66;100;37.81;4.25;0.09;0.19;0;57.66;;;;;;;18
252;Plastic;8;Polyvinylchloride;PVC;;;;;w/d basis;0.3;65.17;20.47;14.36;100.3;0.3;64.97;20.41;14.32;dry ash free basis;38.82;5.1;0.06;0.3;0;55.72;100;38.82;5.1;0.06;0.3;0;55.72;;;;;;;18
253;Plastic;8;Polyvinylchloride;PVC;;;;;w/d basis;0.28;65.06;19.95;14.99;100.28;0.28;64.88;19.89;14.95;dry ash free basis;40.39;4.54;0.2;0.09;0.21;54.56;99.99;40.3940394;4.540454045;0.200020002;0.090009001;0.210021002;54.56545655;;15.876;;18.67544995;15.876;15.8315472;18
254;Plastic;8;Polyvinylchloride;PVC;;;;;w/d basis;0.26;91.25;8.43;0.32;100.26;0.26;91.01;8.41;0.32;dry ash free basis;41.79;4.84;0.09;0.2;0;53.26;100.18;41.71491316;4.831303653;0.089838291;0.199640647;0;53.16430425;;21.732;;21.80176565;21.732;21.6754968;18
255;Plastic;8;Polyvinylchloride;PVC;;;;;w/d basis;0.24;93.71;6.29;0;100.24;0.24;93.49;6.27;0.00;dry ash free basis;;;;;;;;;;;;;;;;;;;;18
256;Plastic;8;Polyvinylchloride;PVC;;;;;w/d basis;0.23;91.99;7.81;0.2;100.23;0.23;91.78;7.79;0.20;dry ash free basis;52.3;5.11;0.15;0.06;0;42.37;99.99;52.30523052;5.110511051;0.150015002;0.060006001;0;42.37423742;;22.646;;22.69138277;22.646;22.5939142;18
257;Plastic;8;Polyvinylchloride;PVC;;;;;w/d basis;0.23;95.46;4.54;0;100.23;0.23;95.24;4.53;0.00;dry ash free basis;;;;;;;;;;;;;;;;;;;;18
258;Plastic;8;Polyvinylchloride;PVC;;;;;w/d basis;0.2;87.08;10.82;2.1;100.2;0.2;86.91;10.80;2.10;dry ash free basis;46.12;5.71;0.1;0.1;1.63;46.33;99.99;46.12461246;5.710571057;0.100010001;0.100010001;1.630163016;46.33463346;;22.735;;23.2226762;22.735;22.68953;18
259;Plastic;8;Polyvinylchloride;PVC;;;;;w/d basis;0.2;95.16;4.8;0.04;100.2;0.2;94.97;4.79;0.04;dry ash free basis;38.75;5.21;0.22;0;0;55.82;100;38.75;5.21;0.22;0;0;55.82;;22.566;;22.57503001;22.566;22.520868;18
260;Plastic;8;Polyvinylchloride;PVC;;;;;w/d basis;0.16;94.93;5.07;0;100.16;0.16;94.78;5.06;0.00;dry ash free basis;38.34;4.47;0.23;0.61;0;56.35;100;38.34;4.47;0.23;0.61;0;56.35;;20.83;;20.83;20.83;20.796672;18
261;Plastic;8;Polyvinylchloride;PVC;;;;;w/d basis;0.12;93.96;5.96;0.08;100.12;0.12;93.85;5.95;0.08;dry ash free basis;40.38;5.83;0.07;1.25;0;52.46;99.99;40.3840384;5.830583058;0.070007001;1.250125013;0;52.46524652;;22.405;;22.42293835;22.405;22.378114;18
262;Plastic;8;Polyvinylchloride;PVC;;;;;w/d basis;0.11;;;;0.11;;;;;dry ash free basis;40.78;5.73;0.02;0.09;0;53.38;100;40.78;5.73;0.02;0.09;0;53.38;;20.079;;;20.079;;18
263;Plastic;8;Polyvinylchloride;PVC;;;;;w/d basis;0.2;94.5;5.4;0.1;100.2;0.2;94.31;5.39;0.10;dry ash free basis;38.83;4.57;0.01;0;0;56.6;100.01;38.82611739;4.569543046;0.009999;0;0;56.59434057;;21.682;;21.7037037;21.682;21.638636;18
264;Plastic;8;Polyvinylchloride;PVC;;;;;w/d basis;0;71.39;14.49;14.12;100;0;71.39;14.49;14.12;dry ash free basis;40.91;4.8;0.06;0.01;0;54.23;100.01;40.90590941;4.799520048;0.059994001;0.009999;0;54.22457754;;;;;;;18
265;Plastic;8;Polyvinylchloride;PVC;;;;;w/d basis;0;83.73;12.77;3.5;100;0;83.73;12.77;3.5;dry ash free basis;;;;;;;;;;;;;;;;;;;;18
266;Plastic;8;Polyvinylchloride;PVC;;;;;;;;;;;;;;;dry ash free basis;40.8;5.2;0;0;5.3;48.7;100;40.8;5.2;0;0;5.3;48.7;;;;;;;18
267;Plastic;8;Polyvinylchloride;PVC;;;;;;;;;;;;;;;dry ash free basis;38.4;4.8;0;0;0;56.8;100;38.4;4.8;0;0;0;56.8;;;;;;;18
268;Plastic;8;Polyvinylchloride;PVC;;;;;;;;;;;;;;;dry ash free basis;38.15;5.18;0;0.21;2.3;54.16;100;38.15;5.18;0;0.21;2.3;54.16;;;;;;;18
269;Plastic;8;Polyvinylchloride;PVC;;;;;;;;;;;;;;;dry ash free basis;36.83;4.71;0.05;0.25;0;58.15;99.99;36.83368337;4.710471047;0.050005001;0.250025003;0;58.15581558;;;;;;;18
270;Plastic;8;Polyvinylchloride;PVC;;;0.13;;;;;;;;;;;;;;;;;;;;;;;;;;;;;;;;135
271;Plastic;8;Polyvinylchloride;PVC;;1.31;;;;;;;;;;;;;;;;;;;;;;;;;;;;;;;;;137
