ID;Citation;DOI;Web;Year;Country;Continent;Type of reference;Ref Paper;Ref Organic;Ref Plastic;Ref Inert ;Comments;;;Fragen 
1;G. Vivek Venkatesh, S. Md. Iqbal, A. Gopal & D. Ganesan, Estimation of Volume and Mass of Axi-Symmetric Fruits Using Image Processing Technique, International Journal of Food Properties (2015), 18, 3, 608-626; 10.1080/10942912.2013.831444;https://www.tandfonline.com/doi/pdf/10.1080/10942912.2013.831444#:~:text=The%20average%20densi%2D%20ties%20measured,volume%20and%20mass%20of%20fruits.;2015;India;Asia;Scientific Publication;;x;;;;;;
2;M. Patel, A. Nath & J. Mayani, A study on physical properties of pomegranate (Punica granatum L., Punicaceae) fruits, International Journal of Chemical Studies (2018), 6, 5, 1460-1463;10.13140/RG.2.2.32554.67527;https://www.researchgate.net/profile/Jilen-Mayani/publication/329207694_A_study_on_physical_properties_of_pomegranate_Punica_granatum_L_Punicaceae_fruits/links/5bfcc528a6fdcc76e722bc31/A-study-on-physical-properties-of-pomegranate-Punica-granatum-L-Punicaceae-fruits.pdf;2018;India;Asia ;Scientific Publication;;;;;;;;
3;A.Shitzer, B.R. Becker & B. A. Fricke, Thermal Properties of Foods, ASHRAE Handbook Refrigeration (2006), 9, 9.1-9.31;;https://www.researchgate.net/file.PostFileLoader.html?id=57dc0df6dc332d6c7a2b0e94&assetKey=AS%3A406964417908742%401474039286881;2006;Israel/USA;Asia/America ;Scientific Publication;;x;;;;;;
4;U. R. Charrondiere, D. Haytowitz & B. Stadlmayr, FAO/INFOODS Density Database version 2.0, FAO/INFOODS Databases (2012);;https://www.fao.org/3/ap815e/ap815e.pdf;2012;Italy ;Europe;Data Sheet/Report;;x;;;;;;
5;S. A. Lavrykov & B. Ramarao, Thermal Properties of Copy Paper Sheets, Drying Technology (2012), 30, 297–311 ;10.1080/07373937.2011.638148;https://www.researchgate.net/publication/254334214_Thermal_Properties_of_Copy_Paper_Sheets;2012;USA;America;Scientific Publication;x;;;;;;;
6;"I. Kartovaara, R. Rajala, M. Luukkala & K. Sipi, Conduction of heat in paper,
Papermaking Raw Materials (1985), 381–412";10.15376/frc.1985.1.381;https://bioresources.cnr.ncsu.edu/wp-content/uploads/2021/12/1985.1.381.pdf;1985;Finland;Europe;Scientific Publication;x;;;;;;;
7;J. Malat'ak, J. Velebil &  J. Bradna, Specialty types of waste paper as an energetic commodity, Agronomy Research (2018), 16, 2, 534-542; 10.15159/AR.18.045;https://www.researchgate.net/publication/329246600_Specialty_types_of_waste_paper_as_an_energetic_commodity;2018;Czech Republic;Europe;Scientific Publication;x;;;;;;;
8;L. Sørum, Characterisation of MSW for Combustion Systems, Sintef Energy Research (2001);;https://task36.ieabioenergy.com/wp-content/uploads/sites/4/2016/06/Characterisation_of_MSW_for_Combustion_Studies-2001.pdf;2001;Norway;Europe;Data Sheet/Report;x;x;;;;;;
9;F. P. Incropera, D.DeWitt, T. Bergman & A. Lavine, Fundamentals of Heat and Mass Transfer, 6th Edition, John Wiley & Sons, 2007.;;https://madar-ju.com/storage/images/files/file_1738891444fwZdR.pdf;2007;USA;America;Scientific Publication;x;;;;;;;
10;J.Zeng, Y. Jin, Y. Chi, J. Wen, X. Jiang & M. Ni, Pyrolysis characteristics of organic components of municipal solid waste at high heating rates, Waste Management (2009), 29, 3, 1089-1094;10.1016/j.wasman.2008.06.034;https://www.sciencedirect.com/science/article/pii/S0956053X08002444;2009;China;Asia;Scientific Publication;x;x;x;;;;;
11;V. Chhabra, S. Bhattacharya & Y. Shastri, Pyrolysis of mixed municipal solid waste: Characterisation, interaction effect and kinetic modelling using the thermogravimetric approach, Waste Management (2019), 90, 152–167;10.1016/j.wasman.2019.03.048;https://www.sciencedirect.com/science/article/pii/S0956053X19301801;2019;India;Asia ;Scientific Publication;x;x;x;;;;;
12;V.Cozzani, L. Petarca & L. Tognotti, Devolatilization and pyrolysis of refuse derived fuels: characterization and kinetic modelling by a thermogravimetric and calorimetric approach, Fuel (1995), 74, 6, 903-912;10.1016/0016-2361(94)00018-M;https://www.sciencedirect.com/science/article/pii/001623619400018M;1995;Italy;Europe;Scientific Publication;x;;x;;;;;
13;P. Xu, Y. Jin & Y. Cheng, Thermodynamic Analysis of the Gasification of Municipal Solid Waste, Engineering (2017), 3, 3, 416-422;10.1016/J.ENG.2017.03.004;https://www.sciencedirect.com/science/article/pii/S2095809917304344;2017;China;Asia;Scientific Publication;x;x;x;;;;;
14;Y. Qiao, F. Xu, S. Xu, D. Yang, B. Wang, X. Ming, J. Hao & Y. Tian, Pyrolysis Characteristics and Kinetics of Typical Municipal Solid Waste Components and Their Mixture: Analytical TG-FTIR Study, Energy & Fuels (2018), 32, 10, 10801-10812;10.1021/acs.energyfuels.8b02571;https://pubs.acs.org/doi/abs/10.1021/acs.energyfuels.8b02571;2018;China;Asia;Scientific Publication;x;x;x;;;;;
15;S. Chen, A. Meng, Y. Long, H. Zhou, Q. Li & Y. Zhang, TGA pyrolysis and gasification of combustible municipal solid waste, Journal of the Energy Institute (2015), 88, 3, 332-343;10.1016/j.joei.2014.07.007;https://www.sciencedirect.com/science/article/pii/S174396711420208X;2015;China;Asia;Scientific Publication;x;x;;;;;;
16;H. Wang & Y. Nie, Municipal Solid Waste Characteristics and Management in China, Journal of the Air \& Waste Management Association (2001), 51, 2, 250-263;10.1080/10473289.2001.10464266;https://doi.org/10.1080/10473289.2001.10464266;2001;China;Asia;Scientific Publication;x;x;;;;;;
17;G. Xiao, M. Ni, Y. Chi, B. Jin, R. Xiao, Z. Zhong & Y. Huang, Gasification characteristics of MSW and an ANN prediction model, Waste Management (2009), 29, 1, 240-244;10.1016/j.wasman.2008.02.022;https://www.sciencedirect.com/science/article/pii/S0956053X08000883;2009;China;Asia;Scientific Publication;x;x;;;;;;
18;H. Zhou, A. Meng, Y. Long, Q. Li & Y. Zhang, An overview of characteristics of municipal solid waste fuel in China: Physical, chemical composition and heating value, Renewable and Sustainable Energy Reviews (2014), 36, 107-122;10.1016/j.rser.2014.04.024;https://www.sciencedirect.com/science/article/pii/S1364032114002512;2014;China;Asia;Scientific Publication;x;x;x;;;;;
19;Z. T. Yaqub, B. O. Oboirien, M. Hedberg & H. Leion, Experimental Evaluation Using Plastic Waste, Paper Waste, and Coal as Fuel in a Chemical Looping Combustion Batch Reactor, Chemical Engineering & Technology (2021), 44, 6, 1075-1083;10.1002/ceat.202000501;https://onlinelibrary.wiley.com/doi/abs/10.1002/ceat.202000501;2021;South Africa;Africa;Scientific Publication;x;;;;;;;
20;V. Cozzani, C. Nicolella, L. Petarca, M. Rovatti & L. Tognotti, A Fundamental Study on Conventional Pyrolysis of a Refuse-Derived Fuel, Industrial & Engineering Chemistry Research (1995), 34, 6, 2006-2020;10.1021/ie00045a010;https://pubs.acs.org/doi/pdf/10.1021/ie00045a010;1995;Italy;Europe;Scientific Publication;x;;;;;;;
21;M.N. Islam, M.N. Islam & M.R.A. Beg, The fuel properties of pyrolysis liquid derived from urban solid wastes in Bangladesh, Bioresource Technology (2004), 92, 2, 181-186;10.1016/j.biortech.2003.08.009;https://www.sciencedirect.com/science/article/pii/S0960852403002232;2004;Bangladesh;Asia;Scientific Publication;x;;;;;;;
22;"S. P. Chai & R. Zakaria, INVESTIGATION ON COMBUSTION CHARACTERISTICS OF 
MUNICIPAL SOLID WASTE FROM PENANG STATE MALAYSIA, 4th i-CIPEC (2006), September 26-29, 2006, Kyoto, Japan";;https://www.researchgate.net/publication/242570278_INVESTIGATION_ON_COMBUSTION_CHARACTERISTICS_OF_MUNICIPAL_SOLID_WASTE_FROM_PENANG_STATE_MALAYSIA;2006;Malaysia;Asia;Scientific Publication;x;x;;;;;;
23;E. Ansah, L. Wang & A. Shahbazi, Thermogravimetric and calorimetric characteristics during co-pyrolysis of municipal solid waste components, Waste Management (2016), 56, 196–206;10.1016/j.wasman.2016.06.015;https://www.sciencedirect.com/science/article/pii/S0956053X16303208;2016;USA;America;Scientific Publication;x;x;;;;;;
24;A. Khuriati, W. S. Budi, M. Nur, I. Istadi & G. Suwoto, MODELING OF HEATING VALUE OF MUNICIPAL SOLID WASTE BASED ON ULTIMATE ANALYSIS USING STEPWISE MULTIPLE LINEAR REGRESSION IN SEMARANG, ARPN Journal of Engineering and Applied Sciences (2017), 12, 9;;https://www.researchgate.net/publication/317095324;2017;Indonesia;Asia;Scientific Publication;x;x;;;;;;
25;R. A. Ibikunle, A. F. Lukman, I. F. Titiladunayo, E. A. Akeju & S. O. Dahunsi, Modeling and robust prediction of high heating values of municipal solid waste based on ultimate analysis, Energy Sources, Part A: Recovery, Utilization, and Environmental Effects (2025), 47, 1, 2239-2256;10.1080/15567036.2020.1841343;https://doi.org/10.1080/15567036.2020.1841343;2025;Nigeria;Africa;Scientific Publication;x;x;;;;;;
26;M. Baawain, A. Al-Mamun, H. Omidvarborna & W. Al-Amri, Ultimate composition analysis of municipal solid waste in Muscat, Journal of Cleaner Production (2017), 148, 355-362;10.1016/j.jclepro.2017.02.013;https://www.sciencedirect.com/science/article/pii/S0959652617302172;2017;Oman;Asia;Scientific Publication;x;x;;;;;;
27;B. Biswal, S. Kumar & R. K. Singh, Production of Hydrocarbon Liquid by Thermal Pyrolysis of Paper Cup Waste, Journal of Waste Management (2013), 2013;10.1155/2013/731858;http://dx.doi.org/10.1155/2013/731858;2013;India;Asia;Scientific Publication;x;;;;;;;
28;B. Janković, The pyrolysis of coffee paper cup waste samples using non-isothermal thermo-analytical techniques. The use of combined kinetic and statistical analysis in the interpretation of mechanistic features of the process, Energy Conversion and Management (2014), 85, 33-49;10.1016/j.enconman.2014.05.094;https://www.sciencedirect.com/science/article/pii/S0196890414005135;2014;Serbia;Europa;Scientific Publication;x;;;;;;;
29;I. Boumanchar, Y. Chhiti, F. E. M. Alaoui, A. Sahibed-Dine, F. Bentiss, C. Jama, M. Bensitel, Municipal solid waste higher heating value prediction from ultimate analysis using multiple regression and genetic programming techniques, Waste Management \& Research (2018), 37, 6, 578 - 589;10.1177/0734242X18816797;https://journals.sagepub.com/doi/10.1177/0734242X18816797;2019;Morocco;Africa;Scientific Publication;x;x;;;;;;
30;R. M. Sebastian, D. Kumar & B. J. Alappat, Easy Estimation of Mixed Municipal Solid Waste Characteristics from Component Analysis, Journal of Environmental Engineering (2019), 145, 11, 04019081;10.1061/(ASCE)EE.1943-7870.0001588;https://ascelibrary.org/doi/full/10.1061/(ASCE)EE.1943-7870.0001588;2019;Canada ;America;Scientific Publication;x;x;;;;;;
31;H. Zhou, A. Meng, Y. Long, Q. Li & Y. Zhang, Classification and comparison of municipal solid waste based on thermochemical characteristics, Journal of the Air & Waste Management Association (2014), 64, 5, 597-616;10.1080/10962247.2013.873094;https://doi.org/10.1080/10962247.2013.873094;2014;China;Asia;Scientific Publication;x;x;x;;;;;
32;P. Grammelis, P. Basinas, A. Malliopoulou & G. Sakellaropoulos, Pyrolysis kinetics and combustion characteristics of waste recovered fuels, Fuel (2009), 88, 1, 195-205;10.1016/j.fuel.2008.02.002;https://www.sciencedirect.com/science/article/pii/S0016236108000471;2009;Greece;Europe;Scientific Publication;x;;x;;;;;
33;C.- H. Wu, C.- Y. Chang, C.- H. Tseng & J.-P. Lin, Pyrolysis product distribution of waste newspaper in MSW, Journal of Analytical and Applied Pyrolysis (2003), 67, 1, 41-53;10.1016/S0165-2370(02)00016-5;https://www.sciencedirect.com/science/article/pii/S0165237002000165;2003;Taiwan;Asia;Scientific Publication;x;;;;;;;
34;Y. B. Yang, A. N. Phan, C. Ryu, V. Sharifi & J. Swithenbank, Mathematical modelling of slow pyrolysis of segregated solid wastes in a packed bed pyrolyser, Fuel (2007), 86, 1, 169-180;10.1016/j.fuel.2006.07.012;https://www.sciencedirect.com/science/article/pii/S0016236106002560;2007;United Kingdom;Europe;Scientific Publication;x;;;;;;;
35;J.K. Modh, S.A. Namjoshi & S.A. Channiwala, Kinetics and Pyrolysis of Glossy Paper Waste, International Journal of Engineering Research and Applications (IJERA) (2012), 2, 2, 1067-1074;;https://www.ijera.com/papers/Vol2_issue2/FY2210671074.pdf;2012;India;Asia;Scientific Publication;x;;;;;;;
36;L. Sørum, P. A. Campbell, N. E. L. Haugen & R. E. Mitchell, An experimental study of the reactivity of cellulosic-based chars from wastes, Fuel (2014), 130, 306-314;10.1016/j.fuel.2014.04.033;https://www.sciencedirect.com/science/article/pii/S0016236114003548;2014;Norway;Europe;Scientific Publication;x;x;;;;;;
37;A. Skreiberg, Ø. Skreiberg, J. Sandquist & L. Sørum, TGA and macro-TGA characterisation of biomass fuels and fuel mixtures, Fuel (2011), 90, 6, 2182-2197;10.1016/j.fuel.2011.02.012;https://www.sciencedirect.com/science/article/pii/S0016236111000706;2011;Norway;Europe;Scientific Publication;x;;;;;;;
38;A. D. Pasek, K. W. Gultom & A. Suwono, Feasibility of Recovering Energy from Municipal Solid Waste to Generate Electricity, Journal of Engineering and Technological Sciences (2013), 45, 3, 241-256;10.5614/j.eng.technol.sci.2013.45.3.3;https://www.researchgate.net/publication/283466437_Feasibility_of_Recovering_Energy_from_Municipal_Solid_Waste_to_Generate_Electricity;2013;Indonesia;Asia;Scientific Publication;x;x;;;;;;
39;S. E. Etuk, U. W. Robert, O. E. Agbasi & N. J. Inyang, Evaluation of Thermophysical and Strength Properties of Composite Panels Produced from Sugarcane Bagasse and Waste Newspapers, Advances in Materials Science (2023), 23, 1, 19-31;10.2478/adms-2023-0002;https://sciendo.com/article/10.2478/adms-2023-0002;2023;Nigeria;Africa;Scientific Publication;x;;;;;;;
40;Integrated Environmental Solutions Limited: Table 6 Thermal Conductivity, Specific Heat Capacity and Density, in: IES VE Help, https://help.iesve.com/ve2021/table_6_thermal_conductivity__specific_heat_capacity_and_density.htm (accessed on: 05.11.2025).;;https://help.iesve.com/ve2021/table_6_thermal_conductivity__specific_heat_capacity_and_density.htm;2021;United Kingdom;Europe;Data Sheet/Report;x;;;;;;;
41;M. Kucharek, L. Yang & K. Wang, Assessment of insulating package performance by mathematical modelling, Packaging Technology and Science (2020), 33;10.1002/pts.2492;https://onlinelibrary.wiley.com/doi/epdf/10.1002/pts.2492;2020;United Kingdom;Europe;Scientific Publication;x;;;;;;;
42;H. Zhou, Y. Long, A. Meng, Q. Li & Y. Zhang, Classification of municipal solid waste components for thermal conversion in waste-to-energy research, Fuel (2015), 145, 151-157;10.1016/j.fuel.2014.12.015;https://www.sciencedirect.com/science/article/pii/S0016236114012241?via%3Dihub;2015;China;Asia;Scientific Publication;;x;x;;;;;
43;S. D. Gunasee, M. Carrier, J. F. Gorgens & R. Mohee, Pyrolysis and combustion of municipal solid wastes: Evaluation of synergistic effects using TGA-MS, Journal of Analytical and Applied Pyrolysis (2016), 121, 50-61;10.1016/j.jaap.2016.07.001;https://www.sciencedirect.com/science/article/pii/S0165237015303247;2016;Mauritius;Africa;Scientific Publication;x;x;x;;;;;
44;M.N. Ramesh, Effect of cooking and drying on the thermal conductivity of rice, International Journal of Food Properties (2000), 3, 1, 77-92;10.1080/10942910009524617;https://www.tandfonline.com/doi/abs/10.1080/10942910009524617;2000;India;Asia;Scientific Publication;;x;;;;;;
45;R. L. Hays, The Thermal Conductivity of Leaves, Planta (1975), 125, 281-287;10.1007/BF00385604;https://link.springer.com/article/10.1007/BF00385604;1975;USA;America;Scientific Publication;;x;;;;;;
46;A. Benestante, M. C. Chalapud, E. Baümler & M. E. Carrín, Physical and mechanical properties of lemon (Citrus lemon) seeds, Journal of the Saudi Society of Agricultural Sciences (2023), 22, 4, 205-213;10.1016/j.jssas.2022.11.002;https://www.sciencedirect.com/science/article/pii/S1658077X22000996;2023;Argentina;America;Scientific Publication;;x;;;;;;
47;M. Sharifi, S. Rafiee*, A. Keyhani, A. Jafari, H. Mobli, A. Rajabipour & A. Akram, Some physical properties of orange (var. Tompson), Int. Agrophysics (2007), 21, 391-397;;https://yadda.icm.edu.pl/agro/element/bwmeta1.element.agro-article-17967291-ce47-46fd-a010-97cf0548a2aa;2007;Iran;Asia;Scientific Publication;;x;;;;;;
48;I. D. Akcali, A. Ince & E. Guzel, Selected Physical Properties of Peanuts, International Journal of Food Properties (2006), 9, 1, 25-37;10.1080/10942910500471636;https://www.tandfonline.com/doi/full/10.1080/10942910500471636;2006;Turkey;Asia;Scientific Publication;;x;;;;;;
49;I. H. Tavman & S. Tavman, Measurement of thermal conductivity of dairy products, Journal of Food Engineering (1999), 41, 2, 109-114;10.1016/S0260-8774(99)00079-5 ;https://www.sciencedirect.com/science/article/pii/S0260877499000795;1999;Turkey;Asia;Scientific Publication;;x;;;;;;
50;M. Kwapinska & J. J. Leahy, Pyrolysis - a way of recovering energy from wastewater sludge from milk processing factories, 5th International Conference on Sustainable Solid Waste Management (2017);;http://uest.ntua.gr/athens2017/proceedings/pdfs/Athens2017_Kwapinska_Leahy.pdf;2017;Ireland;Europe;Scientific Publication;;x;;;;;;
51;M. Kwapinska, A. Horvat, Y. Liu & J. J. Leahy, Pilot Scale Pyrolysis of Activated Sludge Waste from Milk Processing Factory, Waste Biomass Valorization (2020), 11, 2887-2903;10.1007/s12649-019-00596-y;https://link.springer.com/article/10.1007/s12649-019-00596-y;2020;Irland;Europe;Scientific Publication;;x;;;;;;
52;A. Zuorro, G. Maffei & R. Lavecchia, Reuse potential of artichoke (Cynara scolimus L.) waste for the recovery of phenolic compounds and bioenergy, Journal of Cleaner Production (2016), 111, 279-284;10.1016/j.jclepro.2015.06.011;https://www.sciencedirect.com/science/article/pii/S0959652615007234;2016;Italy;Europe;Scientific Publication;;x;;;;;;
53;O. Baik & G. S. Mittal, Determination and Modeling of Thermal Properties of Tofu, International Journal of Food Properties (2003), 6, 1, 9-24;10.1081/JFP-120016621;https://www.tandfonline.com/doi/full/10.1081/JFP-120016621;2003;Canada ;America;Scientific Publication;;x;;;;;;
54;R. Verma & S. Prasad, Mechanical and thermal properties of maize, Journal of Food Science and Technology -Mysore- (2000), 37, 5, 500-505;;https://www.researchgate.net/profile/Rc-Verma/publication/297790797_Mechanical_and_thermal_properties_of_maize/links/5d68f783299bf1d59944be16/Mechanical-and-thermal-properties-of-maize.pdf;2000;India;Asia;Scientific Publication;;x;;;;;;
55;B. Shirsat, S. Patel, P. Borkar & P. Bakane, PHYSICAL PROPERTIES OF FRESH GINGER (Zingiber officinale) RHIZOMES, (2019);;https://www.researchgate.net/publication/334623814_PHYSICAL_PROPERTIES_OF_FRESH_GINGER_Zingiber_officinale_RHIZOMES;2019;India;Asia;Scientific Publication;;x;;;;;;
56;H. Saeed Salih, Physicochemical properties of Walnuts (Juglans regia L.) shells and kernels growing in different locations in Kurdistan region-Iraq, Journal of Zankoy Sulaimani - Part A (2020), 22, 2;10.17656/jzs.10812;https://www.researchgate.net/profile/Hayman-Salih/publication/348310970_Physicochemical_properties_of_Walnuts_Juglans_regia_L_shells_and_kernels_growing_in_different_locations_in_Kurdistan_region-Iraq/links/5ff78c8a45851553a02aedf8/Physicochemical-properties-of-Walnuts-Juglans-regia-L-shells-and-kernels-growing-in-different-locations-in-Kurdistan-region-Iraq.pdf;2020;Iraq;Asia;Scientific Publication;;x;;;;;;
57;V. Mortezaeikia, O. Tavakoli & M. S. Khodaparasti, A review on kinetic study approach for pyrolysis of plastic wastes using thermogravimetric analysis, Journal of Analytical and Applied Pyrolysis (2021), 160, 105340;10.1016/j.jaap.2021.105340;https://www.sciencedirect.com/science/article/pii/S0165237021003260;2021;Iran;Asia ;Scientific Publication;;;x;;;;;
58;H. Jia, H. Ben, Y. Luo & R. Wang, Catalytic Fast Pyrolysis of Poly (Ethylene Terephthalate) (PET) with Zeolite and Nickel Chloride, Polymers (2020), 12, 3, 705;10.3390/polym12030705;https://www.mdpi.com/2073-4360/12/3/705;2020;China;Asia;Scientific Publication;;;x;;;;;
59;S. O. Adoga, O. G. Igbum, G. Okopi, B. A. Ikyenge, O. I. Ochi & P. Ode, Catalytic pyrolysis of low density polyethylene and polypropylene wastes to fuel oils by N-clay, Ovidius University Annals of Chemistry (2022), 33, 1, 50-55;10.2478/auoc-2022-0007;https://intapi.sciendo.com/pdf/10.2478/auoc-2022-0007;2022;Nigeria;Africa;Scientific Publication;;;x;;;;;
60;I. Kremer, T. Tomić, Z. Katančić, M. Erceg, S. Papuga, J. P. Vuković & D. R. Schneider, Catalytic pyrolysis of mechanically non-recyclable waste plastics mixture: Kinetics and pyrolysis in laboratory-scale reactor, Journal of Environmental Management (2021), 296, 113145;10.1016/j.jenvman.2021.113145;https://www.sciencedirect.com/science/article/pii/S030147972101207X;2021;Croatia;Europe;Scientific Publication;;;x;;;;;
61;D. Oh, H. W. Lee, Y. M. Kim & Y. K. Park, Catalytic pyrolysis of polystyrene and polyethylene terephthalate over Al-MSU-F, Energy Procedia (2018), 144, 111-117;10.1016/j.egypro.2018.06.015;https://www.sciencedirect.com/science/article/pii/S1876610218301218;2018;South Korea;Asia;Scientific Publication;;;x;;;;;
62;Z. Wang, K. G. Burra, X. Li, M. Zhang, X. He, T. Lei & A. K. Gupta, CO2-assisted gasification of polyethylene terephthalate with focus on syngas evolution and solid yield, Applied Energy (2020), 276, 115508;10.1016/j.apenergy.2020.115508;https://www.sciencedirect.com/science/article/pii/S0306261920310205;2020;China;Asia;Scientific Publication;;;x;;;;;
63;A. Kijo-Kleczkowska, M. Szumera, A. Gnatowski & D. Sadkowski, Comparative thermal analysis of coal fuels, biomass, fly ash and polyamide, Energy (2022), 258, 124840;10.1016/j.energy.2022.124840;https://www.sciencedirect.com/science/article/pii/S0360544222017431;2022;Poland;Europe;Scientific Publication;;;x;;;;;
64;N. I. Unal, S. Mertdinc, H. Haykiri-Acma & S. Yaman, Comparison of the fuel properties and the combustion behavior of PET bottle caps with lignite, Energy Procedia (2017), 136, 22-26;10.1016/j.egypro.2017.10.256;https://www.sciencedirect.com/science/article/pii/S1876610217352062;2017;Turkey;Europe;Scientific Publication;;;x;;;;;
65;J. M. Saad, P. T. Williams, Y. Zhang, D. Yao, H. Yang & H. Zhou, Comparison of waste plastics pyrolysis under nitrogen and carbon dioxide atmospheres: A thermogravimetric and kinetic study, Journal of Analytical and Applied Pyrolysis (2021), 156, 105135;10.1016/j.jaap.2021.105135;https://www.sciencedirect.com/science/article/pii/S0165237021001212;2021;Malaysia;Asia;Scientific Publication;;;x;;;;;
66;H. Wijayanti, C. Irawan & N. Aulia, Copyrolysis of rice husk and plastic bags waste from low-density polyethylene (LDPE) for improving pyrolysis liquid product, IOP Conference Series: Earth and Environmental Science (2022), 963, 1, 012012;10.1088/1755-1315/963/1/012012;https://iopscience.iop.org/article/10.1088/1755-1315/963/1/012012/meta;2022;Indonesia;Asia;Scientific Publication;;;x;;;;;
67;N. I. Izzatie, M. H. Basha, Y. Uemura, M. S. M. Hashim, N. A. M. Amin & M. F. Hamid, Co-pyrolysis of rice straw and Polyethylene Terephthalate (PET) using a fixed bed drop type pyrolyzer, Journal of Physics: Conference Series (2017), 908, 1, 012073;10.1088/1742-6596/908/1/012073;https://iopscience.iop.org/article/10.1088/1742-6596/908/1/012073/meta;2017;Malaysia;Asia;Scientific Publication;;;x;;;;;
68;G. Ganeshan, K. P. Shadangi & K. Mohanty, Degradation kinetic study of pyrolysis and co-pyrolysis of biomass with polyethylene terephthalate (PET) using Coats–Redfern method, Journal of Thermal Analysis and Calorimetry (2017), 131, 1803-1816;10.1007/s10973-017-6597-5;https://link.springer.com/article/10.1007/s10973-017-6597-5;2017;India;Asia;Scientific Publication;;;x;;;;;
69;NETZSCH:PA11: Polyamide 11, in: Analysing and Testing - Engineering Thermoplastics, https://analyzing-testing.netzsch.com/en/polymers-netzsch-com/engineering-thermoplastics/pa11-polyamide-11, (letzter Zugriff: 11.11.2025).;;https://analyzing-testing.netzsch.com/en/polymers-netzsch-com/engineering-thermoplastics/pa11-polyamide-11;N/A;N/A;N/A;Data Sheet/Report;;;x;;;;;
70;Polyamid PA6;;https://rolec.de/fileadmin/Media/44/a2/Polyamid_PA6_en-.pdf;N/A;N/A;N/A;Data Sheet/Report;;;x;;;;;
71;Ensinger: TECAMID 12 natural, in: STOCK SHAPES, https://www.ensingerplastics.com/en/shapes/pa12-tecamid-12-natural, (letzter Zugriff: 11.11.2025).;;https://www.ensingerplastics.com/en/shapes/pa12-tecamid-12-natural;N/A;N/A;N/A;Data Sheet/Report;;;x;;;;;
72;hinkel elektronik: TECHNICAL DATA SHEET: PA (Polyamide), https://www.hinkel-elektronik.de/pdf_node/954.pdf, (letzter Zugriff: 11.11.2025).;;https://www.hinkel-elektronik.de/pdf_node/954.pdf;N/A;Germany;Europe;Data Sheet/Report;;;x;;;;;
73;MatWeb - MATERIAL PROPERTY DATA: Hippe PA 12 Nylon 12, https://www.matweb.com/search/datasheet.aspx?matguid=29b7c1d742df4caab61835d8eedada2c&n=1&ckck=1, (letzter Zugriff: 11.11.2025).;;https://www.matweb.com/search/datasheet.aspx?matguid=29b7c1d742df4caab61835d8eedada2c&n=1;N/A;N/A;N/A;Data Sheet/Report;;;x;;;;;
74;Professional Plastics: Thermal Properties of Plastic Materials, (letzter Zugriff: 11.11.2025). ;;https://www.professionalplastics.com/professionalplastics/ThermalPropertiesofPlasticMaterials.pdf?srsltid=AfmBOoq3UWJIlK4AVJJkQWMhGxguTgsTBSOb_-VvRN0nV-U-OIaAqih5;N/A;N/A;N/A;Data Sheet/Report;;;x;;;;;
75;THERMAL AND ELECTRICAL PROPERTIES OF PE;;https://www.scribd.com/document/341855254/TG1GenProp;N/A;Australia;Australia;Data Sheet/Report;;;x;;;;;
76;G. Özsin & A. E. Pütün, Insights into pyrolysis and co-pyrolysis of biomass and polystyrene: Thermochemical behaviors, kinetics and evolved gas analysis, Energy Conversion and Management (2017), 149, 675-685;10.1016/j.enconman.2017.07.059;https://www.sciencedirect.com/science/article/pii/S0196890417306945;2017;Turkey;Europe;Scientific Publication;;;x;;;;;
77;E. B. Ettah, J. G. Egbe, S. A. Takim, U. Akpan & E. Oyom, Investigation of the Thermal Conductivity of Polyvinyl Chloride (Pvc) Ceiling Material Produced In Epz Calabar, For Application Tropical Climate Zones, IOSR Journal of Polymer and textile Engineering (2016), 3, 2, 34-38;10.9790/019X-03023438;https://www.researchgate.net/publication/304837400;2016;Nigeria;Africa;Scientific Publication;;;x;;;;;
78;S. L. Wong, N. Ngadi & T. A. T. Abdullah, Kinetic modeling of LDPE Pyrolysis Using Coats-Redfern Method;;https://core.ac.uk/outputs/83532929/?utm_source=pdf&utm_medium=banner&utm_campaign=pdf-decoration-v1;2015;Malaysia;Asia;Scientific Publication;;;x;;;;;
79;S. Zhong, B. Zhang, C. Liu & A. Shujaa aldeen, Mechanism of synergistic effects and kinetics analysis in catalytic co-pyrolysis of water hyacinth and HDPE, Energy Conversion and Management (2021), 228, 113717;10.1016/j.enconman.2020.113717;https://www.sciencedirect.com/science/article/pii/S0196890420312413;2021;China;Asia;Scientific Publication;;;x;;;;;
80;M. de Sousa Felix, D. Hagare, A. Tahmasebi, A. Sathasivan & M. Arora, Microwave pyrolysis of polypropylene, and high-density polyethylene, and catalytic gasification of waste coffee pods to hydrogen-rich gas, Waste management (New York, N.Y.) (2024), 187, 306-316;10.1016/j.wasman.2024.07.021;https://www.sciencedirect.com/science/article/pii/S0956053X24004124;2024;Australia;Australia;Scientific Publication;;;x;;;;;
81;E. Syguła, K. Świechowski, M. Hejna, I. Kunaszyk & A. Białowiec, Municipal Solid Waste Thermal Analysis—Pyrolysis Kinetics and Decomposition Reactions, Energies (2021), 14, 15, 1-30;10.3390/en14154510;https://www.mdpi.com/1996-1073/14/15/4510;2021;Poland;Europe;Scientific Publication;x;;x;;;;;
82;C.-H. Wu, C.-Y. Chang, J.-L. Hor, S.-M. Shih, L.-W. Chen & F.-W. Chang, On the thermal treatment of plastic mixtures of MSW: Pyrolysis kinetics, Waste Management (1993), 13, 3, 221-235;10.1016/0956-053X(93)90046-Y;https://www.sciencedirect.com/science/article/pii/0956053X9390046Y;1993;Taiwan;Asia;Scientific Publication;;;x;;;;;
83;N. Roslan, S. Z. Abd Rahim, A. E.-j. Abdellah El-Hadj, M. M. A. B. Abdullah, K. Błoch, P. Pietrusiewicz, M. Nabiałek, J. Szmidla, D. Kwiatkowski, J. Vasco, M. N. Mat Saad & M. Dathullah Ghazali, Optimisation of Shrinkage and Strength on Thick Plate Part Using Recycled LDPE Materials, Materials (2021), 14, 7, 1795;10.3390/ma14071795;https://www.mdpi.com/1996-1944/14/7/1795;2021;Malaysia;Asia;Scientific Publication;;;x;;;;;
84;N. Dutta, P. Mondal & A. Gupta, Optimization of process parameters using response surface methodology for maximum liquid yield during thermal pyrolysis of blend of virgin and waste high-density polyethylene,  Journal of Material Cycles and Waste Management (2022), 24, 1182-1193;10.1007/s10163-022-01392-y;https://link.springer.com/article/10.1007/s10163-022-01392-y#article-info;2022;India;Asia;Scientific Publication;;;x;;;;;
85;"F. Nascimento da Silva, C. G. Sánchez & E. M. S. Sanchez, PRELIMINARY ANALYSIS OF POLYAMIDE-12 FOR STUDY OF
PYROLYSIS IN FLUIDIZED BED, 12th Brazilian Congress of Thermal Engineering and Sciences (2008), November 10-14,2008, Belo Horizonte, Brasil.";;https://www.abcm.org.br/anais/encit/2008/artigos/3_5316.pdf;2008;Brazil;America;Scientific Publication;;;x;;;;;
86;M. Li, Y. Wan, Z. Gao, G. Xiong, X. Wang, C. Wan & H. Luo, Preparation and properties of polyamide 6 thermal conductive composites reinforced with fibers, Materials & Design (2013), 51, 257-261;10.1016/j.matdes.2013.03.076;https://www.sciencedirect.com/science/article/pii/S0261306913002847;2013;China;Asia;Scientific Publication;;;x;;;;;
87;L. Saeed, A. Tohka, M. Haapala & R. Zevenhoven, Pyrolysis and combustion of PVC, PVC-wood and PVC-coal mixtures in a two-stage fluidized bed process, Fuel Processing Technology (2004), 85, 14, 1565-1583;10.1016/j.fuproc.2003.11.045;https://www.sciencedirect.com/science/article/pii/S0378382003003242;2004;Finland;Europe;Scientific Publication;;;x;;;;;
88;L. Sørum, M. G. Grønli & J. E. Hustad, Pyrolysis characteristics and kinetics of municipal solid wastes, Fuel (2001), 80, 9, 1217-1227;10.1016/S0016-2361(00)00218-0;https://www.sciencedirect.com/science/article/pii/S0016236100002180;2001;Norway;Europe;Scientific Publication;;;x;;;;;
89;S. Yousef, J. Eimontas, N. Striūgas, A. Mohamed & M. Ali Abdelnaby, Pyrolysis Kinetic Behavior and Thermodynamic Analysis of PET Nonwoven Fabric, Materials (2023), 16 (18), 6079;10.3390/ma16186079;https://www.mdpi.com/1996-1944/16/18/6079;2023;Lithuania;Europe;Scientific Publication;;;x;;;;;
90;B. B. Uzun & E. Yaman, Pyrolysis kinetics of walnut shell and waste polyolefins using thermogravimetric analysis, Journal of the Energy Institute (2017), 90, 6, 825-837;10.1016/j.joei.2016.09.001;https://www.sciencedirect.com/science/article/pii/S1743967116301337;2017;Turkey;Europe;Scientific Publication;;;x;;;;;
91;S. A. Salaudeen, S. M. Al-Salem, S. Sharma & A. Duttam, Pyrolysis of High-Density Polyethylene in a Fluidized Bed Reactor: Pyro-Wax and Gas Analysis, Industrial & Engineering Chemistry Research (2021), 60, 18283-18292;10.1021/acs.iecr.1c03373;https://pubs.acs.org/doi/full/10.1021/acs.iecr.1c03373;2021;Canada;America;Scientific Publication;;;x;;;;;
92;I. J. Dubdub & M. Al-Yaari, Pyrolysis of Mixed Plastic Waste: I. Kinetic Study, Materials (2020), 13, 21, 4912;10.3390/ma13214912;https://www.mdpi.com/1996-1944/13/21/4912;2020;Saudi Arabia;Asia;Scientific Publication;;;x;;;;;
93;S. D. A. Sharuddin, F. Abnisa, W. Daud & M. K. Auroua, Pyrolysis of plastic waste for liquid fuel production as prospective energy resource, IOP Conference Series: Materials Science and Engineering (2018), 334, 1, 012001;10.1088/1757-899X/334/1/012001;https://iopscience.iop.org/article/10.1088/1757-899X/334/1/012001;2018;Malaysia;Asia;Scientific Publication;;;x;;;;;
94;J. M. Encinar & J. F. González, Pyrolysis of synthetic polymers and plastic wastes. Kinetic study, Fuel Processing Technology (2008), 89, 7, 678-686;10.1016/j.fuproc.2007.12.011;https://www.sciencedirect.com/science/article/pii/S0378382007002809;2008;Spain;Europe;Scientific Publication;;;x;;;;;
95;J. A. Glaser, Biological Degradation of Polymers in the Environment, Plastics in the Environment (2019), 1-22;10.5772/intechopen.85124;https://www.intechopen.com/chapters/66340;2019;USA;America;Scientific Publication;;;x;;;;;
96;A. Elhassnaoui, A. El Ballouti, S. Sahnoun, Reconstruction of a triangular geometry defects in inaccessible face by a model of active thermography, Journal of Optoelectronics and Advanced Materials (2013), 15, 5-6, 447-450;;https://joam.inoe.ro/articles/reconstruction-of-a-triangular-geometry-defects-in-inaccessible-face-by-a-model-of-active-thermography/;2013;Morocco;Africa;Scientific Publication;;;x;;;;;
97;S. Kumar & R.K. Singh, Recovery of hydrocarbon liquid from waste high density polyethylene by thermal pyrolysis, Brazilian Journal of Chemical Engineering (2011), 28, 659-667;10.1590/S0104-66322011000400011;https://www.scielo.br/j/bjce/a/QGbJqWFxxtZN5b4MnJFbZcS/?format=html;2011;India;Asia;Scientific Publication;;;x;;;;;
98;A. Kijo-Kleczkowska & A. Gnatowski, Recycling of Plastic Waste, with Particular Emphasis on Thermal Methods—Review, Energies (2022), 15, 6, 2114;10.3390/en15062114;https://www.mdpi.com/1996-1073/15/6/2114;2022;Poland;Europe;Scientific Publication;;;x;;;;;
99;A. Chaudhary, J. Lakhani, P. Dalsaniya, P. Chaudhary, A. Trada, N. K. Shah & D. S. Upadhyay, Slow pyrolysis of low-density Poly-Ethylene (LDPE): A batch experiment and thermodynamic analysis, Energy (2023), 263, 125810;10.1016/j.energy.2022.125810;https://www.sciencedirect.com/science/article/pii/S0360544222026962;2023;India;Asia;Scientific Publication;;;x;;;;;
100;S. Zallaya, J. H. El Achkar, A. Abou Chacra, S. Shatila, J. El Akhdar & Y. Daher, Steam gasification modeling of polyethylene (PE) and polyethylene terephthalate (PET) wastes: A case study, Chemical Engineering Science (2023), 267, 118340;10.1016/j.ces.2022.118340;https://www.sciencedirect.com/science/article/pii/S0009250922009253;2023;Lebanon;Asia;Scientific Publication;;;x;;;;;
101;S. M. Al-Salem, S. R. Chandrasekaran, A. Dutta & B. K. Sharma, Study of the fuel properties of extracted oils obtained from low and linear low density polyethylene pyrolysis, Fuel (2021), 304, 121396;10.1016/j.fuel.2021.121396;https://www.sciencedirect.com/science/article/pii/S0016236121012758;2021;Kuwait;Asia;Scientific Publication;;;x;;;;;
102;Y. Zheng, L. Tao, X. Yang, Y. Huang, C. Liu & Z. Zheng, Study of the thermal behavior, kinetics, and product characterization of biomass and low-density polyethylene co-pyrolysis by thermogravimetric analysis and pyrolysis-GC/MS, Journal of Analytical and Applied Pyrolysis (2018), 133, 185-197;10.1016/j.jaap.2018.04.001;https://www.sciencedirect.com/science/article/pii/S0165237017310860;2018;China;Asia;Scientific Publication;;;x;;;;;
103;S. Xiong, J. Zhuo, H. Zhou, R. Pang & Q. Yao, Study on the co-pyrolysis of high density polyethylene and potato blends using thermogravimetric analyzer and tubular furnace, Journal of Analytical and Applied Pyrolysis (2015), 112, 66-73;10.1016/j.jaap.2015.02.020;https://www.sciencedirect.com/science/article/pii/S0165237015000637;2015;China;Asia;Scientific Publication;;;x;;;;;
104;D. Li, S. Lei, P. Wang, L. Zhong, W. Ma & G. Chen, Study on the pyrolysis behaviors of mixed waste plastics, Renewable Energy (2021), 173, 662-674;10.1016/j.renene.2021.04.035;https://www.sciencedirect.com/science/article/pii/S0960148121005474;2021;China;Asia;Scientific Publication;;;x;;;;;
105;Z. Yuan, J. Zhang, P. Zhao, Z. Wang, X. Cui, L. Gao, Q. Guo & H. Tian, Synergistic Effect and Chlorine-Release Behaviors During Co-pyrolysis of LLDPE, PP, and PVC, ACS Omega (2020), 5, 20, 11291-11298;10.1021/acsomega.9b04116;https://pubs.acs.org/doi/full/10.1021/acsomega.9b04116;2020;China;Asia;Scientific Publication;;;x;;;;;
106;C. L. Choy & D. Greig, The low temperature thermal conductivity of isotropic and oriented polymers, Journal of Physics C: Solid State Physics (1977), 10, 2, 169;10.1088/0022-3719/10/2/005;https://iopscience.iop.org/article/10.1088/0022-3719/10/2/005/meta;1977;UK;Europe;Scientific Publication;;;x;;;;;
107;M. F. Paucar-Sánchez, M. Calero, G. Blázquez, R. R. Solís, M. J. Muñoz-Batista & M. Á. Martín-Lara, Thermal and catalytic pyrolysis of a real mixture of post-consumer plastic waste: An analysis of the gasoline-range product, Process Safety and Environmental Protection (2022), 168, 1201-1211;10.1016/j.psep.2022.11.009;https://www.sciencedirect.com/science/article/pii/S0957582022009624;2022;Spain;Europe;Scientific Publication;;;x;;;;;
108;A. Trigui, M. Karkri & I. Krupa, Thermal conductivity and latent heat thermal energy storage properties of LDPE/wax as a shape-stabilized composite phase change material, Energy Conversion and Management (2014), 77, 586-596;10.1016/j.enconman.2013.09.034;https://www.sciencedirect.com/science/article/pii/S0196890413005785;2014;France;Europe;Scientific Publication;;;x;;;;;
109;G. de Carvalho, E. Frollini & W. N. D. Santos, Thermal conductivity of polymers by hot-wire method, Journal of Applied Polymer Science (1996), 62, 13, 2281-2285;"10.1002/(SICI)1097-4628(19961226)62:13<2281::AID-APP12>3.0.CO;2-6";"https://onlinelibrary.wiley.com/doi/abs/10.1002/(SICI)1097-4628(19961226)62:13%3C2281::AID-APP12%3E3.0.CO;2-6";1996;Brazil;America;Scientific Publication;;;x;;;;;
110;N. Ahmad, N. Ahmad, I. M. Maafa, U. Ahmed, .P Akhter, N. Shehzad, U.-e-s. Amjad & M. Hussain, Thermal conversion of polystyrene plastic waste to liquid fuel via ethanolysis, Fuel (2020), 279, 118498;10.1016/j.fuel.2020.118498;https://www.sciencedirect.com/science/article/pii/S0016236120314940;2020;South Korea;Asia;Scientific Publication;;;x;;;;;
111;A. Aboulkas, K. El harfi & A. El Bouadili, Thermal degradation behaviors of polyethylene and polypropylene. Part I: Pyrolysis kinetics and mechanisms, Energy Conversion and Management (2010), 51, 7, 1363-1369;10.1016/j.enconman.2009.12.017;https://www.sciencedirect.com/science/article/pii/S0196890409005238;2010;Morocco;Africa;Scientific Publication;;;x;;;;;
112;N. Miskolczi, L. Bartha, G. Deák & B. Jóver, Thermal degradation of municipal plastic waste for production of fuel-like hydrocarbons, Polymer Degradation and Stability (2004), 86, 2, 357-366;10.1016/j.polymdegradstab.2004.04.025;https://www.sciencedirect.com/science/article/pii/S0141391004001508;2004;Hungary;Europe;Scientific Publication;;;x;;;;;
113;Y. C. Rotliwala & P. A. Parikh, Thermal degradation of rice-bran with high density polyethylene: A kinetic study,  Korean Journal of Chemical Engineering (2011), 28, 788-792;10.1007/s11814-010-0414-1;https://link.springer.com/article/10.1007/s11814-010-0414-1;2011;India;Asia;Scientific Publication;;;x;;;;;
114;R. K. Singh, B. Ruj, A. K. Sadhukha &, P. Gupta, Thermal degradation of waste plastics under non-sweeping atmosphere: Part 1: Effect of temperature, product optimization, and degradation mechanism, Journal of Environmental Management (2019), 239, 395-406;10.1016/j.jenvman.2019.03.067;https://www.sciencedirect.com/science/article/pii/S0301479719303706;2019;India;Asia;Scientific Publication;;;x;;;;;
115;B. Abbasgholi-Na, S. R. Nokhbeh, O. A Aldaghri, K. H. Ibnaouf, N. Madkhali & H. Cabrera, Thermal Diffusivity and Conductivity of Polyolefins by Thermal Lens Technique, Polymers (2022), 14, 13, 2707;10.3390/polym14132707;https://www.mdpi.com/2073-4360/14/13/2707;2022;Italy;Europe;Scientific Publication;;;x;;;;;
116;M. H. Rahman, P. R. Bhoi, A. Saha, V. Patil & S. Adhikari, Thermo-catalytic co-pyrolysis of biomass and high-density polyethylene for improving the yield and quality of pyrolysis liquid, Energy (2021), 225, 120231;10.1016/j.energy.2021.120231;https://www.sciencedirect.com/science/article/pii/S0360544221004801;2021;USA;America;Scientific Publication;;;x;;;;;
117;J. Cai, Y. Wang, L. Zhou & Q. Huang, Thermogravimetric analysis and kinetics of coal/plastic blends during co-pyrolysis in nitrogen atmosphere, Fuel Processing Technology (2008), 89, 1, 21-27;10.1016/j.fuproc.2007.06.006;https://www.sciencedirect.com/science/article/pii/S0378382007001361;2008;China;Asia;Scientific Publication;;;x;;;;;
118;E. Ansah, L. Wang & A. Shahbazi, Thermogravimetric and calorimetric characteristics during co-pyrolysis of municipal solid waste components, Waste Management (2016), 56, 196-206;10.1016/j.wasman.2016.06.015;https://www.sciencedirect.com/science/article/pii/S0956053X16303208;2016;USA;America;Scientific Publication;;;x;;;;;
119;J. M. Heikkinen, J. C. Hordijk, W. de Jong, H. Spliethoff, Thermogravimetry as a tool to classify waste components to be used for energy generation, Journal of Analytical and Applied Pyrolysis (2004), 71, 2, 883-900;10.1016/j.jaap.2003.12.001;https://www.sciencedirect.com/science/article/pii/S0165237003001839;2004;The Netherlands;Europe;Scientific Publication;;;x;;;;;
120;S. Kumar, R. K. Singh, Thermolysis of High-Density Polyethylene to Petroleum Products, Journal of Petroleum Engineering (2013), 2013, 1, 987568;10.1155/2013/987568;https://onlinelibrary.wiley.com/doi/full/10.1155/2013/987568;2013;India;Asia;Scientific Publication;;;x;;;;;
121;M. Kok, K. Demirelli & Y. Aydogdu, Thermophysical Properties Of Blend Of Poly ( Vinyl Chloride ) With Poly ( Isobornyl Acrylate ), International Journal of Science & Technology (2008), 3, 1, 37-42;;https://www.researchgate.net/publication/242724319;2008;Turkey;Europe;Scientific Publication;;;x;;;;;
122;D. Supramono, E. Kusrini & H. Yuana, Yield and Composition of Bio-oil from Co-Pyrolysis of Corn Cobs and Plastic Waste of HDPE in a Fixed Bed Reactor, Journal of the Japan Institute of Energy (2016), 95, 8, 621-628;10.3775/jie.95.621;https://www.jstage.jst.go.jp/article/jie/95/8/95_621/_article/-char/ja/;2016;Japan;Asia;Scientific Publication;;;x;;;;;
123;M. Prasad k & M. Somasundaram, Co-pyrolysis of Juliflora biomass with low-density polyethylene for bio-oil synthesis, Energy Sources, Part A: Recovery, Utilization, and Environmental Effects (2021), 43, 9, 1134-1149;10.1080/15567036.2019.1635232;https://www.tandfonline.com/doi/full/10.1080/15567036.2019.1635232;2019;India;Asia;Scientific Publication;;;x;;;;;
124;"K. P. Kumar & S. Srinivas, Catalytic Co-pyrolysis of Biomass and Plastics (Polypropylene and
Polystyrene) Using Spent FCC Catalyst, Energy & Fuels (2020), 34, 1, 460-473";10.1021/acs.energyfuels.9b03135;https://pubs.acs.org/doi/pdf/10.1021/acs.energyfuels.9b03135?ref=article_openPDF;2020;India;Asia;Scientific Publication;;;x;;;;;
125;S.-H. Jung, M.-H. Cho, B.-S. Kang & J.-S. Kim, Pyrolysis of a fraction of waste polypropylene and polyethylene for the recovery of BTX aromatics using a fluidized bed reactor, Fuel Processing Technology (2010), 91, 3, 277-284;10.1016/j.fuproc.2009.10.009;https://pdf.sciencedirectassets.com/271404/1-s2.0-S0378382010X00029/1-s2.0-S037838200900321X/main.pdf?X-Amz-Security-Token=IQoJb3JpZ2luX2VjELf%2F%2F%2F%2F%2F%2F%2F%2F%2F%2FwEaCXVzLWVhc3QtMSJGMEQCIG%2BZIX1Z787XVlcV7kq8m4h4Crf2BvWTeYWKwvl3oR57AiA4DOgPlUc9t8f9mmQSOt6bDhOFlkAEbnNO2yAQFWHzOSqzBQgvEAUaDDA1OTAwMzU0Njg2NSIMbzRn5dcXy5wIDNz7KpAFWwepm8tnFN5ozNEbiidsroDS7kShAW%2FljqZBZA5PJUNIGtYMzIQOzcowqSqRc69rn8ypYCbP9ltsaP9SVo2QG%2F06CoLUf3EOAqNWxEYP8xhQEH%2FLgZbb3DVCtcCG8MnoMIm7OsE6FFdzCcLMU0oaBh2J6MUX0z8CaL2ca4cnyjLv0q4WCv0RhJBWgT1KfWwbXJ6O%2FhQI%2FBfQPC%2FLnzdUyqqC%2BZf5oJmrtPj1415mbtGfGiujHWNFILbxfMsGNey1ljGsS5yV2xSjqoRE33zRUTq5ONOuR6mhQtaPCLCV0sb14%2BRZ7RH3ON%2Fx5zIUOaO3Z7BU%2B4Tv6HNvmaJAqufbQx0nte1sCFPYso0l%2FH3PIUh8R3%2BjslxcBG8QDoGokZBGR4Yunj%2FXCx02dzOwhCza%2BDxnszxciCVpFz3UZ5PQNDF6u026v3AMl6E6wGTcUoDaUDZQrqkTBI1Emt9Te85aMsyMLLDiEHfUIsVp939AZIbwCkj9eAZAvXc%2BHr6acyz%2FwvGQnfRcDbxK0wimkWnBs9cE6rzpinmGC7LbVMZdC%2FPFBxRQADhxiOh%2BHQbX4m3%2Fpi4ydUtqvVf6DpB8QLMRBQIblBfZVkIzkAGnPLhOXwEvuPWND%2BVoLWImQQG%2BB53znjkE2HdxKVwG7ENcSQ5xEy6lRj0jh81QowD8GqQnMGK8XQDgnBkNGmQPfoEUlRlxMO4PmlmwzJQG3OTTYka27BK1Ev0Gu6RSae0MlYTnLpB0zvanlL%2BqasaAZVvOFO1leQ3Hl4MWVNk4ylx54uK%2FL5jo4dNWEFDAJ21M7czE3UFWYYCy%2BZk%2FgM7B%2BrfpigwqPzoUi4AGXFoTMCqfNZ7s0RlrXuy9NDF%2Fr7OggI5LNF4w6tCQxgY6sgHTjfE%2B8pAY9qV8bwsXyFm4sRPJK38jJnAqY1JGawrPG340tfNkZqCRFz6fIHzHURQSPJN5Jdx%2F1oeDnAJUL%2B9I3aWqa9B1ssdgBWpizPnd6qmCgOiTKNXarPaI4IOQAEnscn%2BjSN588rUiJ5wtH5G%2BUOLUNOHPzCigmdsU4A4FW9tCWls%2FFClJooChWn%2Bg26mBPGiEbpvDfwtyOWCtloZZxR%2FS4I8vzLbma7Pb%2BSrmRiYM&X-Amz-Algorithm=AWS4-HMAC-SHA256&X-Amz-Date=20250912T143257Z&X-Amz-SignedHeaders=host&X-Amz-Expires=300&X-Amz-Credential=ASIAQ3PHCVTYUKUJD35V%2F20250912%2Fus-east-1%2Fs3%2Faws4_request&X-Amz-Signature=8e0d230167c5b8d54b837b21276aab96a47247e127ba6eabfbb50e40298ee1db&hash=c189a02626f99be3fbe81dce73f88fa09245f721915a91a5d53130bdddad484f&host=68042c943591013ac2b2430a89b270f6af2c76d8dfd086a07176afe7c76c2c61&pii=S037838200900321X&tid=spdf-2167bd17-0948-4518-aaa4-40a549230cd7&sid=2e2e4ce54230504527595ea8410fae1a7334gxrqb&type=client&tsoh=d3d3LnNjaWVuY2VkaXJlY3QuY29t&rh=d3d3LnNjaWVuY2VkaXJlY3QuY29t&ua=1e0757590453540a0800&rr=97e01dff18f3c7af&cc=de;2010;South Korea;Asia;Scientific Publication;;;x;;;;;
126;"M. He, B. Xiao, Z. Hu, S. Liu, X. Guo & S. Luo, Syngas production from catalytic gasification of
waste polyethylene: Influence of temperature on gas yield
and composition, International Journal of Hydrogen Energy (2009), 34, 3, 1342-1348";10.1016/j.ijhydene.2008.12.023;https://www.sciencedirect.com/science/article/pii/S0360319908016844;2009;China;Asia;Scientific Publication;;;x;;;;;
127;"K.G. Burra & A.K. Gupta, Synergistic effects in steam gasification of combined biomass and plastic
waste mixtures, Applied Energy (2018), 211, 230-236";10.1016/j.apenergy.2017.10.130;https://www.sciencedirect.com/science/article/pii/S0306261917315702;2018;USA;America;Scientific Publication;;;x;;;;;
128;R. Xiao, B. Jin, H. Zhou, Z. Zhong & M. Zhang, Air gasification of polypropylene plastic waste in fluidized bed gasifier, Energy Conversion and Management (2007), 48, 3, 778-786;10.1016/j.enconman.2006.09.004;https://www.sciencedirect.com/science/article/pii/S019689040600286X;2007;China;Asia;Scientific Publication;;;x;;;;;
129;F. Pinto, M. Miranda & P. Costa, Co-pyrolysis of wastes mixtures obtained from rice production. Upgrading of produced liquids, Chemical Engineering Transactions (2015), 43, 2053-2058;10.3303/CET1543343;https://repositorio.lneg.pt/bitstream/10400.9/2932/1/ChemicalEngineeringTransactions_Vol.43_2053-2058.pdf;2015;Portugal;Europe;Scientific Publication;;;x;;;;;
130;J. G. Speight: Lange’s handbook of chemistry. 16th ed., New York: McGraw-Hill, 2005. ;;https://www.labxing.com/files/lab_data/1340-1625805401-Qqoazhfj.pdf;2005;USA;America;Scientific Publication;;;x;;;;;
131;M. Hu, D. Yu & J. Wie, Thermal conductivity determination of small polymer samples by differential scanning calorimetry, Polymer Testing (2007), 26:3, 333-337;10.1016/j.polymertesting.2006.11.003;https://www.researchgate.net/profile/Mingyang-Ma/post/How-we-can-measure-thermal-conductivity-of-metallic-sample-using-DSC/attachment/59d63c44c49f478072ea7c0c/AS%3A273748907757573%401442278233859/download/Thermal+conductivity+determination+of+small+polymer+samples+by+differential+scanning+calorimetry.pdf;2007;China;Asia;Scientific Publication;;;x;;;;;
132;J.E.S.D. Ladbury, B.R. Currell, J.R. Horder, J.R. Parsonage & E.A. Vidgeon, Application of DSC for the measurement of the thermal conductivity of elastomeric materials, Thermochimica Acta (1990), 169, 39-45;10.1016/0040-6031(90)80131-H;https://www.sciencedirect.com/science/article/pii/004060319080131H;1990;England;Europe;Scientific Publication;;;x;;;;;
133;C. T’Joen, Y. Park, Q. Wang, A. Sommers, X. Han & A. Jacobi,  A review on polymer heat exchangers for HVAC&R applications, International Journal of Refrigeration (2009), 32, 5, 763-779;10.1016/j.ijrefrig.2008.11.008;https://ceclnx01.cec.miamioh.edu/~sommerad/sdarticle_polymer_HXs_IJR2008.pdf;2009;Belgium;Europe;Scientific Publication;;;x;;;;;
134; D. Tripathi and Knovel, Practical guide to polypropylene,  Shawbury, U.K: Rapra Technology Ltd, 2002. ;;https://nusearch.nottingham.ac.uk/discovery/fulldisplay?docid=alma990015661870205561&context=L&vid=44NOTTS_UNUK:44NOTUK&lang=en&search_scope=MyInst_and_CI&adaptor=Local%20Search%20Engine&tab=Everything&query=sub,exact,polypropylene&mode=Basic&offset=0;2002;UK;Europe;Scientific Publication;;;x;;;;;
135;Goswami, D. Y. (2015). Principles of solar engineering.CRC Press Taylor & Francis Group. ;;https://www.advan-kt.com/principlesofsolarengi.pdf;2015;USA;Europe;Scientific Publication;;;x;;;;;
136;"Guo, B.; Song, S.; Chacko J.; Ghalambor, A. (2005). Offshore Pipelines. Elsevier. ";;https://catatanabimanyu.wordpress.com/wp-content/uploads/2012/06/offshore-pipelines.pdf;2005;UK;Europe;Scientific Publication;;;x;;;;;
137;A. W. Birley, R. J. Heath & M. J. Scott, Plastic Materials - Properties and Applications, Blackie Academic & Professional (1988);10.1007/978-94-011-7614-9;https://link.springer.com/book/10.1007/978-94-011-7614-9;1988;UK;Europe;Scientific Publication;;;x;;;;;
138;R. Zevenhoven, E. P. Axelsen & M. Hupa, Pyrolysis of waste-derived fuel mixtures containing PVC, Fuel (2002), 81:4, 507-510;10.1016/S0016-2361(01)00168-5;https://www.sciencedirect.com/science/article/pii/S0016236101001685?via%3Dihub;2002;Finland;Europe;Scientific Publication;;;x;;;;;
139;P.Tang, M.V.A. Florena, P. Spiesz & H.J.H. Brouwers, Characteristics and application potential of municipal solid waste incineration (MSWI) bottom ashes from two waste-to-energy plants, Construction and Building Materials (2015), 83,77-94;10.1016/j.conbuildmat.2015.02.033;https://www.sciencedirect.com/science/article/pii/S0950061815001804;2015;Netherlands ;Europe;Scientific Publication;;;;x;;;;
140;"B.Wu, D.Wang, X. Chai, F.Takahashi & T. Shimaoka, Characterization of chlorine and heavy metals for the potential recycling of bottom ash from municipal solid waste incinerators as cement additives, Frontiers of Environmental Science & Engineering (2016), 10, 8
";10.1007/s11783-016-0847-9;https://link.springer.com/article/10.1007/s11783-016-0847-9;2016;China;Asia;Scientific Publication;;;;x;;;;
141;F. Jiao, L. Zhang, Z. Dong, T. Namioka, N. Yamada & Y. Ninomiya, Study on the species of heavy metals in MSW incineration fly ash and their leaching behaviour, Fuel Processing Technology (2016), 152, 108-115;10.1016/j.fuproc.2016.06.013;https://www.sciencedirect.com/science/article/pii/S0378382016302727;2016;Japan;Asia;Scientific Publication;;;;x;;;;
142;D.H. Vu, K.-S. Wang, J.-H. Chen, B.X. Nam & B.H. Bac, Glass-ceramic from mixtures of bottom ash and fly ash, Waste Management (2012), 32,12,2306-2314 ;10.1016/j.wasman.2012.05.040;https://www.researchgate.net/publication/228100608_Glass-ceramic_from_mixtures_of_bottom_ash_and_fly_ash;2012;Vietnam ;Asia;Scientific Publication;;;;x;;;;
143;J. Zhang, X. Zhang, J. Yuan, B. Liu, H. Shen, J. Liu & S. Zhang, Hierarchically porous glass–ceramics by alkaline activation and crystallization from municipal solid waste incineration ashes, Journal of Cleaner Production (2022), 364,132693;10.1016/j.jclepro.2022.132693;https://www.sciencedirect.com/science/article/pii/S0959652622022910;2022;China;Asia;Scientific Publication;;;;x;;;;
144;Z. Chen, Y. Liu, W. Zhu & E.-H. Yang, Incinerator bottom ash (IBA) aerated geopolymer, Construction and Building Materials (2016), 112, 1025-1031;10.1016/j.conbuildmat.2016.02.164;https://www.sciencedirect.com/science/article/pii/S0950061816302239;2016;Singapore;Asia;Scientific Publication;;;;x;;;;
145;X.G. Li, Z.L. Liu, Y. Lv, L.X. Cai, D.B. Jiang, W.G. Jiang & S. Jian, Utilization of municipal solid waste incineration bottom ash in autoclaved aerated concrete, Construction and Building Materials (2018), 178, 175-182;10.1016/j.conbuildmat.2018.05.147;https://www.sciencedirect.com/science/article/pii/S0950061818312236;2018;China;Asia;Scientific Publication;;;;x;;;;
146;T. Zhang & Z. Zhao, Optimal Use of MSWI Bottom Ash in Concrete, International Journal of Concrete Structures and Materials (2014), 8, 173-182;10.1007/s40069-014-0073-4;https://link.springer.com/article/10.1007/s40069-014-0073-4;2014;China;Asia;Scientific Publication;;;;x;;;;
147;P. Shen, H. Zheng, J. Lu & C.S. Poon, Utilization of municipal solid waste incineration bottom ash (IBA) aggregates in high-strength pervious concrete, Resources, Conservation and Recycling (2021), 174, 105736;10.1016/j.resconrec.2021.105736;https://www.sciencedirect.com/science/article/pii/S0921344921003451;2021;China;Asia;Scientific Publication;;;;x;;;;
148;W. Zhu, X.H. Rao, Y. Liu & E.-H. Yang,Lightweight aerated metakaolin-based geopolymer incorporating municipal solid waste incineration bottom ash as gas-forming agent, Journal of Cleaner Production (2018), 177, 775-781;10.1016/j.jclepro.2017.12.267;https://www.sciencedirect.com/science/article/pii/S0959652617332614;2018;Singapore;Asia;Scientific Publication;;;;x;;;;
149;N. Saikia, G. Cornelis, G. Mertens, J. Elsen, K. Van Balen, T. Van Gerven & C. Vandecasteele, Assessment of Pb-slag, MSWI bottom ash and boiler and fly ash for using as a fine aggregate in cement mortar, Journal of Hazardous Materials (2008), 154, 1, 766-777;10.1016/j.jhazmat.2007.10.093;https://www.sciencedirect.com/science/article/pii/S0304389407015749;2008;Belgium;Europe;Scientific Publication;;;;x;;;;
150;O. Ginés, J.M. Chimenos, A. Vizcarro, J. Formosa & J.R. Rosell, Combined use of MSWI bottom ash and fly ash as aggregate in concrete formulation: Environmental and mechanical considerations, Journal of Hazardous Materials (2009), 169, 1, 643-650;10.1016/j.jhazmat.2009.03.141;https://www.sciencedirect.com/science/article/pii/S0304389409005457;2009;Spain;Europe;Scientific Publication;;;;x;;;;
151;R.C.C. Monteiro, S.J.G. Alendouro, F.M.L. Figueiredo, M.C. Ferro & M.H.V. Fernandes, Development and properties of a glass made from MSWI bottom ash, Journal of Non-Crystalline Solids (2006), 352, 2, 130-135;10.1016/j.jnoncrysol.2005.11.008;https://www.sciencedirect.com/science/article/pii/S0022309305007817;2006;Portugal;Europe;Scientific Publication;;;;x;;;;
152;N. Lopez Ferber, D. Pham Minh, Q. Falcoz, A. Meffre, N. Tessier-Doyen, A. Nzihou & V. Goetz, Development of a Thermal Energy Storage Pressed Plate Ceramic Based on Municipal Waste Incinerator Bottom Ash and Waste Clay, Waste and Biomass Valorization (2020), 11, 689-699;10.1007/s12649-019-00629-6;https://link.springer.com/article/10.1007/s12649-019-00629-6;2020;France;Europe;Scientific Publication;;;;x;;;;
153;L. Barbieri, A. Karamanov, A. Corradi, I. Lancellotti, M. Pelino & J. Ma. Rincon, Structure, chemical durability and crystallization behavior of incinerator-based glassy systems, Journal of Non-Crystalline Solids (2008), 354, 2, 521-528;10.1016/j.jnoncrysol.2007.07.080;https://www.sciencedirect.com/science/article/pii/S0022309307011027;2008;Italy;Europe;Scientific Publication;;;;x;;;;
154;L. Maccarini Schabbach, F. Andreola, E. Karamanova, I. Lancellotti, A. Karamanov & L. Barbieri, Integrated approach to establish the sinter-crystallization ability of glasses from secondary raw material, Journal of Non-Crystalline Solids (2011), 357, 1, 10-17;10.1016/j.jnoncrysol.2010.10.006;https://www.sciencedirect.com/science/article/pii/S0022309310007490;2011;Italy;Europe;Scientific Publication;;;;x;;;;
155;M. Aloisi, A. Karamanov, G. Taglieri, F. Ferrante & M. Pelino, Sintered glass ceramic composites from vitrified municipal solid waste bottom ashes, Journal of Hazardous Materials (2006), 137, 1, 138-143;10.1016/j.jhazmat.2005.12.056;https://www.sciencedirect.com/science/article/pii/S0304389406002779;2006;Italy;Europe;Scientific Publication;;;;x;;;;
156;P. Appendino, M. Ferraris, I. Matekovits & M. Salvo, Production of glass–ceramic bodies from the bottom ashes of municipal solid waste incinerators, Journal of the European Ceramic Society (2004), 24, 5, 803-810;10.1016/S0955-2219(03)00264-4;https://www.sciencedirect.com/science/article/pii/S0955221903002644;2004;Italy;Europe;Scientific Publication;;;;x;;;;
157;L. Barbieri, A. Corradi, & I. Lancellotti, Bulk and sintered glass-ceramics by recycling municipal incinerator bottom ash, Journal of the European Ceramic Society (2000), 20, 10, 1637-1643;10.1016/S0955-2219(00)00032-7;https://www.sciencedirect.com/science/article/pii/S0955221900000327;2000;Italy;Europe;Scientific Publication;;;;x;;;;
158;R. del Valle-Zermeño, C. Barreneche, L. F. Cabeza and J. Formosa, A. I. Fernández & J. M. Chimenos, MSWI bottom ash for thermal energy storage: An innovative and sustainable approach for its reutilization, Renewable Energy (2016), 99, 431-436;10.1016/j.renene.2016.07.027;https://www.sciencedirect.com/science/article/pii/S0960148116306231;2016;Spain;Europe;Scientific Publication;;;;x;;;;
159;P. Tang, M.V.A. Florea, P. Spiesz & H.J.H. Brouwers, Application of thermally activated municipal solid waste incineration (MSWI) bottom ash fines as binder substitute, Cement and Concrete Composites (2016), 70, 194-205;10.1016/j.cemconcomp.2016.03.015;https://www.sciencedirect.com/science/article/pii/S0958946516300476;2016;Netherlands;Europe;Scientific Publication;;;;x;;;;
160;E. Rambaldi, L. Esposito, F. Andreola, L. Barbieri, I. Lancellotti & I. Vassura, The recycling of MSWI bottom ash in silicate based ceramic, Ceramics International (2010), 36, 8, 2469-2476;10.1016/j.ceramint.2010.08.005;https://www.sciencedirect.com/science/article/pii/S0272884210002932;2010;Italy;Europe;Scientific Publication;;;;x;;;;
161;S. Bethanis, C.R. Cheeseman & C.J. Sollars, Properties and microstructure of sintered incinerator bottom ash, Cermics International (2002), 28, 8, 881-886;10.1016/S0272-8842(02)00068-8;https://www.sciencedirect.com/science/article/pii/S0272884202000688;2002;UK;Europe;Scientific Publication;;;;x;;;;
162;A. Bourtsalas, L.J. Vandeperre, S.M. Grimes, N. Themelis & C.R. Cheeseman, Production of pyroxene ceramics from the fine fraction of incinerator bottom ash, Waste Management (2015), 45, 217-225;10.1016/j.wasman.2015.02.016;https://www.sciencedirect.com/science/article/pii/S0956053X15000999;2015;UK;Europe;Scientific Publication;;;;x;;;;
163;S. Ozawa & M. Susa, Effect of Na2O additions on thermal conductivities of CaO–SiO2 slags, Ironmaking & Steelmaking (2005), 32, 6, 487-493;10.1179/174328105X48179;https://www.tandfonline.com/doi/abs/10.1179/174328105X48179;2005;Japan;Asia;Scientific Publication;;;;x;;;;
164;K. Nishioka, T. Maeda & M. Shimizu, Application of Square-wave Pulse Heat Method to Thermal Properties Measurement of CaO–SiO2–Al2O3 System Fluxes, ISIJ International (2006), 46, 3, 427-433;10.2355/isijinternational.46.427;https://www.jstage.jst.go.jp/article/isijinternational/46/3/46_3_427/_pdf;2005;Japan;Asia;Scientific Publication;;;;x;;;;
165;M. Susa, M. Watanabe, S. Ozawa & R. Endo, Thermal conductivity of CaO–SiO2–Al2O3 glassy slags: Its dependence on molar ratios of Al2O3/CaO and SiO2/Al2O3, Ironmaking & Steelmaking (2007), 34, 2, 124-130;10.1179/174328107X165672;https://journals.sagepub.com/doi/abs/10.1179/174328107X165672;2007;Japan;Asia;Scientific Publication;;;;x;;;;
166;Q. Wang, D. Wang, Q. Li & J. Zhang, Relationship between Microstructure and Thermal Conductivity in Coal Slags with Variable Silica and Alumina, Energy & Fuels (2019), 33, 6226-6233;10.1021/acs.energyfuels.9b01090;https://www.researchgate.net/publication/333980929_Relationship_between_Microstructure_and_Thermal_Conductivity_in_Coal_Slags_with_Variable_Silica_and_Alumina;2019;China;Asia;Scientific Publication;;;;x;;;;
167;P. Krammart and S. Tangtermsirikul, Properties of cement made by partially replacing cement raw materials with municipal solid waste ashes and calcium carbide waste, Construction and Building Materials (2004), 18, 8, 579-583;10.1016/j.conbuildmat.2004.04.014;https://www.sciencedirect.com/science/article/pii/S0950061804000637;2004;Thailand;Asia;Scientific Publication;;;;x;;;;
168;Y. Rezkallah, N. Tahraoui Douma, S. Ham, S. Kouadri Moustefai & M. Casellas, Characterization of Bottom Ashes from Incineration of Different Compositions of Municipal Solid Wastes: Implications for its Valorization as a Cementitious Material, Polish Journal of Environmental Studies (2026), 35, 1, 253-264;10.15244/pjoes/195980;https://www.pjoes.com/Characterization-of-Bottom-Ashes-nfrom-Incineration-of-Different-Compositions-nof,195980,0,2.html;2025;Algeria;Africa;Scientific Publication;;;;x;;;;
169;I. Asiwaju-Bello, O. Olalusi & F. Olutoge, Effect of Salt Water on the Compressive Strength of Ceramic Powder Concrete, American Journal of Engineering Research (2017), 6, 158-163;;https://www.researchgate.net/profile/Oladimeji-Olalusi/publication/319007553_Effect_of_Salt_Water_on_the_Compressive_Strength_of_Ceramic_Powder_Concrete/links/598ae4efa6fdcc7cf92405a7/Effect-of-Salt-Water-on-the-Compressive-Strength-of-Ceramic-Powder-Concrete.pdf;2017;Nigeria ;Africa ;Scientific Publication;;;;x;;;;
170;De Dietrich. Borosilicate Glass 3.3 . Retrieved March 3, 2026, from https://www.dedietrich.com/en/borosilicate-glass;;https://www.dedietrich.com/en/borosilicate-glass;2026;France ;Europe;Data Sheet/Report;;;;x;;;;
171;Schott AG. (September, 2017). DUROBAX® amber. Retrieved March 3, 2026, from https://www.us.schott.com/tubing/english/product_selector/#!/region--us/lang--english/product--DUROBAX_amber;;https://www.us.schott.com/tubing/english/product_selector/#!/region--us/lang--english/product--DUROBAX_amber;2017;;;Data Sheet/Report;;;;x;;;;
172;UQG OPTICS. (n.d.). DATA SHEET SCHOTT® Lead Glass RD50 Specification. Retrieved March 2, 2026, from https://www.uqgoptics.com/wp-content/uploads/2019/06/Lead-Glass-Schott-RD50.pdf;;https://www.uqgoptics.com/wp-content/uploads/2019/06/Lead-Glass-Schott-RD50.pdf;2026;UK;Europe;Data Sheet/Report;;;;x;;;;
173;MatWeb Material Property Data. (n.d.). Overview of materials for Brass. Retrieved March 2, 2026, from https://matweb.com/search/DataSheet.aspx?MatGUID=d3bd4617903543ada92f4c101c2a20e5;;https://matweb.com/search/DataSheet.aspx?MatGUID=d3bd4617903543ada92f4c101c2a20e5;2026;;;Data Sheet/Report;;;;x;;;;
174;NSI Natural Stone Institute. (n.d.). R-Value for Natural Stone. Retrieved March 2, 2026, from https://www.naturalstoneinstitute.org/stoneprofessionals/technical-bulletins/rvalue/ ;;https://www.naturalstoneinstitute.org/stoneprofessionals/technical-bulletins/rvalue/;2026;USA;America;Data Sheet/Report;;;;x;;;;
175;Ralph, J., Von Bargen, D., Martynov, P., Zhang, J., Que, X., Prabhu, A., Morrison, S. M., Li, W., Chen, W., & Ma, X. (2025). Mindat.org: The open access mineralogy database: Kaolinite. https://www.mindat.org/min-2156.html;;https://www.mindat.org/min-2156.html;2025;USA;America ;Data Sheet/Report;;;;x;;;;
176;MatWeb Material Property Data. (n.d.). Gypsum (CaSO4 - 2H2O). Retrieved March 2, 2026, from https://www.matweb.com/search/DataSheet.aspx?MatGUID=fdac5563c7f2472a825d6cc0f16e2785&ckck=1;;https://www.matweb.com/search/DataSheet.aspx?MatGUID=fdac5563c7f2472a825d6cc0f16e2785;2026;;;Data Sheet/Report;;;;x;;;;
177;MatWeb Material Property Data. Overview of materials for Nickel Alloy. Retrieved March 2, 2026, from https://www.matweb.com/search/datasheet.aspx?matguid=8808b026f7c14d2f8d61f2d476aaeb26&n=1;;https://www.matweb.com/search/datasheet.aspx?matguid=8808b026f7c14d2f8d61f2d476aaeb26&n=1;2026;;;Data Sheet/Report;;;;x;;;;
178;MatWeb Material Property Data. (n.d.). Overview of materials for Lead Alloy. Retrieved March 2, 2026, from https://www.matweb.com/search/DataSheet.aspx?MatGUID=796041d9aef04a91b58d4cd8db04edb8;;https://www.matweb.com/search/DataSheet.aspx?MatGUID=796041d9aef04a91b58d4cd8db04edb8;2026;;;Data Sheet/Report;;;;x;;;;
179;MatWeb Material Property Data. (n.d.). Overview of materials for Alpha/Beta Titanium Alloy. Retrieved March 2, 2026, from https://www.matweb.com/search/DataSheet.aspx?MatGUID=4dac23c848db4780a067fd556906cae6;;https://www.matweb.com/search/DataSheet.aspx?MatGUID=4dac23c848db4780a067fd556906cae6;2026;;;Data Sheet/Report;;;;x;;;;
180;MatWeb Material Property Data. (n.d.). Overview of materials for Zinc Alloy. Retrieved March 2, 2026, from https://www.matweb.com/search/DataSheet.aspx?MatGUID=2cfae82b47424ee28263e89e66bbd526;;https://www.matweb.com/search/DataSheet.aspx?MatGUID=2cfae82b47424ee28263e89e66bbd526;2026;;;Data Sheet/Report;;;;x;;;;
181;MatWeb Material Property Data. (n.d.). Aluminum Alloys, General. Retrieved March 2, 2026, from https://www.matweb.com/search/datasheet.aspx?bassnum=MA0001;;https://www.matweb.com/search/datasheet.aspx?bassnum=MA0001;2026;;;Data Sheet/Report;;;;x;;;;
182;MatWeb Material Property Data. Overview of materials for Medium Alloy Steel. Retrieved March 2, 2026, from https://www.matweb.com/search/DataSheet.aspx?MatGUID=f7666326ceb3482f87a9f41ace1d1fb0&ckck=1;;https://www.matweb.com/search/DataSheet.aspx?MatGUID=f7666326ceb3482f87a9f41ace1d1fb0&ckck=1;2026;;;Data Sheet/Report;;;;x;;;;
183;AZoNetwork.(June 26, 2019). AZO Materials: Float Glass - Properties and Applications. Retrieved March 2, 2026, from https://www.azom.com/properties.aspx?ArticleID=89;;https://www.azom.com/properties.aspx?ArticleID=89;2019;;;Data Sheet/Report;;;;x;;;;
184;Boulus, E. D. & Jones, J. V. (2006). Green Glass Composition (US Patent No. 7,094,716 B2). https://patentimages.storage.googleapis.com/75/f2/8d/a399de36a28d56/US7094716.pdf;;https://patentimages.storage.googleapis.com/75/f2/8d/a399de36a28d56/US7094716.pdf;2006;USA;America;Data Sheet/Report;;;;x;;;;
185;MatWeb. Borosilicate Glass – Material Property Data Sheet. Available at: https://matweb.com/search/DataSheet.aspx?MatGUID=b0dbbac859444ffe98307f24ffd4c6a2  (accessed 18 March 2026).;;https://matweb.com/search/DataSheet.aspx?MatGUID=b0dbbac859444ffe98307f24ffd4c6a2&ckck=1;;;;Data Sheet/Report;;;;x;;;;
186;MatWeb. Schott Glass 8095 Lead Glass. Material Property Data Sheet. https://matweb.com/search/DataSheet.aspx?MatGUID=2873442d080b4979a169d45e7a2dee55 (accessed 18 Mar 2026).;;https://matweb.com/search/DataSheet.aspx?MatGUID=b0dbbac859444ffe98307f24ffd4c6a2&ckck=1;;;;Data Sheet/Report;;;;x;;;;
187;GNPGraystar Speciality Materials. (n.d.). Thermal Properties of Ceramics. Retrieved March 2, 2026, from https://gnpgraystar.com/wp-content/uploads/2020/05/ThermalPropertiesofCeramicsGraphic.pdf;;https://gnpgraystar.com/wp-content/uploads/2020/05/ThermalPropertiesofCeramicsGraphic.pdf;2026;USA;America;Data Sheet/Report;;;;x;;;;
188;Walker, R. (April 4, 2011). Mass, weight, density or specific gravity of different metals. Simetric. https://www.simetric.co.uk/si_metals.htm;;https://www.simetric.co.uk/si_metals.htm;2011;;;Data Sheet/Report;;;;x;;;;
189;NICE Cxone Expert. (n.d.). T4: Specific Heats and Molar Heat Capacities. LibreTexts™ Chemistry. Retrieved March 3, 2026, from https://chem.libretexts.org/Ancillary_Materials/Reference/Reference_Tables/Thermodynamics_Tables/T4%3A_Specific_Heats_and_Molar_Heat_Capacities;;https://chem.libretexts.org/Ancillary_Materials/Reference/Reference_Tables/Thermodynamics_Tables/T4%3A_Specific_Heats_and_Molar_Heat_Capacities;2026;;;Data Sheet/Report;;;;x;;;;
190;DSG-Dachauer Spezialglas GbR. (n.d.). Weisses Floatglas. Retrieved March 3, 2026, from http://www.dachauer-spezialglas.de/spezialglastechnik/technisches-glaeser/weisses-floatglas.html;;http://www.dachauer-spezialglas.de/spezialglastechnik/technisches-glaeser/weisses-floatglas.html;2026;Germany ;Europe;Data Sheet/Report;;;;x;;;;
191;R. H. Geraldo, S. M. M. Pinheiro, J. S. Silva, H. M. C. Andrade, J. Dweck, J. P. Gonçalves & G. Camarini, Gypsum plaster waste recycling: A potential environmental and industrial solution, Journal of Cleaner Production (2017), 164, 288-300;10.1016/j.jclepro.2017.06.188;https://www.sciencedirect.com/science/article/pii/S0959652617313586;2017;Brazil;America;Scientific Publication;;;;x;;;;
192;E. Kamseu , C. Leonelli , D.N. Boccaccini, P. Veronesi , P. Miselli , G. Pellacani & U. Chinje Melo, Characterisation of porcelain compositions using two china clays from Cameroon, Ceramics International (2007), 33, 5, 851-857;10.1016/j.ceramint.2006.01.025;https://www.sciencedirect.com/science/article/pii/S0272884206000769;2007;Cameroon ;Africa ;Scientific Publication;;;;x;;;;
193;J. Ahmad, M. M. Arbili, H. Alabduljabbar & A. F. Deifalla, Concrete made with partially substitution corn cob ash: A review, Case Studies in Construction Materials (2023), 18, e02100;10.1016/j.cscm.2023.e02100;https://www.sciencedirect.com/science/article/pii/S2214509523002802?via%3Dihub;2023;Pakistan ;Asia;Scientific Publication;;;;x;;;;
194;K. C. Bala & R. H. Khan, Characterization of Beach/River Sand for Foundry Application, Leonardo Journal of Sciences (2013), 12, 23, 77-83;;https://www.researchgate.net/profile/Katsina-Bala/publication/266740663_Characterization_of_BeachRiver_Sand_for_Foundry_Application/links/543aecbc0cf2d6698be2f351/Characterization-of-Beach-River-Sand-for-Foundry-Application.pdf;2013;Nigeria ;Africa ;Scientific Publication;;;;x;;;;
195;Z. Zakaria & H. Haron, Characterisation of Local Bone Ash for Bone China Production, Jurnal Teknologi (2014), 66, 1, 25-34;10.11113/jt.v66.2157;https://www.researchgate.net/publication/275068759_Characterisation_of_Local_Bone_Ash_for_Bone_China_Production;2014;Malaysia;Asia;Scientific Publication;;;;x;;;;
196;A. Kara & R. Stevens, Characterisation of biscuit fired bone china body microstructure. Part I: XRD and SEM of crystalline phases, Journal of the European Ceramic Society (2002), 22, 5, 731-736;10.1016/S0955-2219(01)00371-5;www.sciencedirect.com/science/article/pii/S0955221901003715;2002;Turkey ;Asia;Scientific Publication;;;;x;;;;
197;M.-Y. Lee, C.-H. Ko, F.-C. Chang, S.-L. Lo, J.-D. Lin, M.-Y. Shan & J.-C. Lee, Artificial stone slab production using waste glass, stone fragments and vacuum vibratory compaction, Cement and Concrete Composites (2008), 30, 7, 583-587;10.1016/j.cemconcomp.2008.03.004;https://www.sciencedirect.com/science/article/pii/S0958946508000425?via%3Dihub;2008;Taiwan;Asia;Scientific Publication;;;;x;;;;
198;M. Galetakis & A. Soultana, A review on the utilisation of quarry and ornamental stone industry fine by-products in the construction sector, Construction and Building Materials (2016), 102, 769-781;10.1016/j.conbuildmat.2015.10.204;https://www.sciencedirect.com/science/article/pii/S0950061815306255;2016;Greece ;Europe;Scientific Publication;;;;x;;;;
199;S. A. Mohammed, S. Koting, H. Y. B. Katman, A. M. Babalghaith, M. F. Abdul Patah, M. R. Ibrahim & M. R. Karim, A Review of the Utilization of Coal Bottom Ash (CBA) in the Construction Industry, Sustainability (2021), 13, 14, 8031;10.3390/su13148031;https://www.mdpi.com/2071-1050/13/14/8031;2021;Malaysia;Asia;Scientific Publication;;;;x;;;;
200;E. Cuce, P. M. Cuce, T. Guclu, A. Besir, E. Gokce & U. Serencam, A novel method based on thermal conductivity for material identification in scrap industry: An experimental validation, Measurement (2018), 127, 379-389;10.1016/j.measurement.2018.06.014;https://www.sciencedirect.com/science/article/pii/S0263224118305402;2018;Turkey ;Asia;Scientific Publication;;;;x;;;;
201;C. Cherian & D. N. Arnepalli, A Critical Appraisal of the Role of Clay Mineralogy in Lime Stabilization, International Journal of Geosynthetics and Ground Engineering (2015), 1, 8, ;10.1007/s40891-015-0009-3;https://link.springer.com/article/10.1007/s40891-015-0009-3;2015;India;Asia;Scientific Publication;;;;x;;;;
202;P. Torkittikul, T. Nochaiya, W. Wongkeo & A. Chaipanich, Utilization of coal bottom ash to improve thermal insulation of construction material, Journal of Material Cycles and Waste Managment (2017), 19, 305-317;10.1007/s10163-015-0419-2;https://link.springer.com/article/10.1007/s10163-015-0419-2;2017;Thailand;Asia;Scientific Publication;;;;x;;;;
203;A. Naceri & M. C. Hamina, Use of waste brick as a partial replacement of cement in mortar, Waste Management (2009), 29, 8, 2378-2384;10.1016/j.wasman.2009.03.026;https://www.sciencedirect.com/science/article/abs/pii/S0956053X09000968?via%3Dihub;2009;Algeria;Africa ;Scientific Publication;;;;x;;;;
204;L. Paunescu, S. M. Axinte, F. Cosmulescu, M. F. Dragoescu & B. V. Paunescu, Ultra-light Colorless and Green Glass Foam Produced by Microwave Radiation, Journal La Multiapp (2021), 2, 1, 1-12;10.37899/journallamultiapp.v2i1.286;https://newinera.com/index.php/JournalLaMultiapp/article/view/286;2021;Romania;Europe;Scientific Publication;;;;x;;;;
205;T.K. Mukhopadhyay, S. Ghosh & S. Ghatak, Phase analysis and microstructure evolution of a bone china body modified with scrap addition, Ceramics International (2011), 37, 5, 1615-1623;10.1016/j.ceramint.2011.01.038;https://www.sciencedirect.com/science/article/abs/pii/S0272884211000848?via%3Dihub;2011;India;Asia;Scientific Publication;;;;x;;;;
206;N. H. Abu-Hamdeh, Thermal Properties of Soils as affected by Density and Water Content, Biosystems Engineering (2003), 86, 1, 97-102;10.1016/S1537-5110(03)00112-0;https://www.sciencedirect.com/science/article/abs/pii/S1537511003001120?via%3Dihub;2003;Saudi-Arabia;Asia;Scientific Publication;;;;x;;;;
207;B. Tansel, Thermal properties of municipal solid waste components and their relative significance for heat retention, conduction, and thermal diffusion in landfills, Journal of Environmental Management (2023), 325, 116651;10.1016/j.jenvman.2022.116651;https://www.sciencedirect.com/science/article/abs/pii/S0301479722022241?via%3Dihub;2023;USA;America;Scientific Publication;;;;x;;;;
208;D. P. Bentz, M. A. Peltz, A. Durán-Herrera, P. Valdez & C. A. Juárez, Thermal properties of high-volume fly ash mortars and concretes, Journal of Building Physics (2011), 34, 3, 263-275;10.1177/1744259110376613;https://journals.sagepub.com/doi/10.1177/1744259110376613;2011;USA;America;Scientific Publication;;;;x;;;;
209;Z. Michael, M. S. Martius, M. Khairulmaini, M. H. Ismail, M. N. Halmy & T. M. Jahi, Thermal Conductivity and Permeability Studies of Recycle Copper Wire Mesh, IOP Conference Series: Materials Science and Engineering (2020), 834, 1, 012047;10.1088/1757-899X/834/1/012047;https://iopscience.iop.org/article/10.1088/1757-899X/834/1/012047/meta;2020;Malaysia;Asia;Scientific Publication;;;;x;;;;
210;G. KiranKumar, S. Saboor & T.P. Ashok Babu, Thermal Analysis of Wall and Window Glass Materials for Cooling Load Reduction in Green Energy Building Design, Materials Today: Proceedings (2017), 4, 9, 9514-9518;10.1016/j.matpr.2017.06.215;https://www.sciencedirect.com/science/article/abs/pii/S2214785317310106?via%3Dihub;2017;India;Asia;Scientific Publication;;;;x;;;;
211;O. M. Olofinnade, A. N. Ede, J. M. Ndambuki, B. U. Ngene, I. I. Akinwumi & O. M. Ofuyatan, Strength and microstructure of eco-concrete produced using waste glass as partial and complete replacement for sand, Cogent Engineering (2018), 5, 1, 148360;10.1080/23311916.2018.1483860;https://www.tandfonline.com/doi/full/10.1080/23311916.2018.1483860;2018;Nigeria ;Africa ;Scientific Publication;;;;x;;;;
212;A. N. Patel & J. R. Pitroda, Stone Waste in India for Concrete with Value Creation Opportunities, International Journal of Latest Trends in Engineering and Technology (2013), 2, 2, 113-120;;https://www.researchgate.net/publication/281207628_STONE_WASTE_IN_INDIA_FOR_CONCRETE_WITH_VALUE_CREATION_OPPORTUNITIES;2013;India;Asia;Scientific Publication;;;;x;;;;
213;F. H. Ali & L. S. Tatt, Stabilization of Residual Soils Using Chemical Method;;https://gnpgroup.com.my/wp-content/uploads/Publication/2003_05.pdf;2003;Malaysia;Asia;Scientific Publication;;;;x;;;;
214;M. M. Morsi, S. I. El-sherbiny & K. M. Mohamed, Spectroscopic investigation of amber color silicate glasses and factors affecting the amber related absorption bands, Spectrochimica Acta Part A: Molecular and Biomolecular Spectroscopy (2015), 145, 376-383;10.1016/j.saa.2015.03.001;https://www.sciencedirect.com/science/article/abs/pii/S1386142515002978?via%3Dihub;2015;Egypt;Africa ;Scientific Publication;;;;x;;;;
215;N. Almeida, F. Branco & J. R. Santos, Recycling of stone slurry in industrial activities: Application to concrete mixtures, Building and Environment (2007), 42, 2, 810-819;10.1016/j.buildenv.2005.09.018;https://www.sciencedirect.com/science/article/abs/pii/S036013230500404X?via%3Dihub;2007;Portugal ;Europe;Scientific Publication;;;;x;;;;
216;G. M. Anagni, T. Bristogianni, F. Oikonomopoulou, P. Rigone & E. S. Mazzuchelli, Recycled Glass Mixtures as Cast Glass Components for Structural Applications, Towards Sustainability, Conference on Architectural and Structural Applications of Glass (2020), 7;10.7480/cgc.7.4482;https://www.researchgate.net/publication/342041836_Recycled_glass_mixtures_as_cast_glass_components_for_structural_applications_towards_sustainability;2020;Netherlands;Europe;Scientific Publication;;;;x;;;;
217;S. Mangi, Z. Memon, S. Khahro, R. Shabir, R. Memon & A. Hussain, Potentiality of Industrial Waste as Supplementary Cementitious Material in Concrete Production, International Review of Civil Engineering (I.RE.C.E.) (2020), 11, 5, 214-221;10.15866/irece.v11i5.18779;https://www.researchgate.net/publication/344650428;2020;Pakistan ;Asia;Scientific Publication;;;;x;;;;
218;T. Nikiforova, M. Savytskyi, K. Limam, W. Bosschaerts, & R. Belarbi, Methods and Results of Experimental Researches of Thermal Conductivity of Soils, Energy Procedia (2013), 42, 775-783;10.1016/j.egypro.2013.12.034;https://www.sciencedirect.com/science/article/pii/S187661021301847X?via%3Dihub;2013;Ukraine;Europe;Scientific Publication;;;;x;;;;
219;M. Čáchová, D. Koňáková, E. Vejmelková, M. Keppert & R. Černý, Mechanical and thermal properties of the Czech marbles, AIP Conference Proceedings, 1738, 1, 280010;10.1063/1.4952070;https://pubs.aip.org/aip/acp/article-abstract/1738/1/280010/885138/Mechanical-and-thermal-properties-of-the-Czech;2016;Czech Republic ;Europe;Scientific Publication;;;;x;;;;
220;S. L. Manzello, S. H. Park, T. Mizukami & D. P. Bentz, Measurement of thermal properties of gypsum board at elevated temperatures, Proceedings of the Fifth International Conference on Structures in Fire (SiF08) (2008), 656-665;;https://tsapps.nist.gov/publication/get_pdf.cfm?pub_id=900117;2008;USA;America;Scientific Publication;;;;x;;;;
221;S. M. Karazi, I. U. Ahad & K. Y. Benyounis, Laser Micromachining for Transparent Materials, Reference Module in Materials Science and Materials Engineering (2017);10.1016/B978-0-12-803581-8.04149-7;https://www.researchgate.net/publication/312924380_Laser_Micromachining_for_Transparent_Materials;2017;Ireland;Europe;Scientific Publication;;;;x;;;;
222;K. O. Oriola and A. A. Raheem and A. B. Ogundele, Investigation of compressive strength and thermal properties of corn cob ash cement concrete, Materials Today: Proceedings (2023), 86, 128-133;10.1016/j.matpr.2023.04.520;https://www.sciencedirect.com/science/article/abs/pii/S221478532302446X?via%3Dihub;2023;Nigeria ;Africa ;Scientific Publication;;;;x;;;;
223;Advanced Optics SCHOTT North America, Inc. (October 2018), TIE-31: Mechanical and thermal properties of optical glass. Technical Information Advanced Optics. https://media.schott.com/api/public/content/9829e2cacc7b489bb82f9950f1ef4504?v=240fb851;;https://media.schott.com/api/public/content/9829e2cacc7b489bb82f9950f1ef4504?v=240fb851;2018;USA;America;Data Sheet/Report;;;;x;;;;
224;M. Simoncelli, F. Mauri & N. Marzari, Thermal conductivity of glasses: first-principles theory and applications. npj Comput Mater (2023), 9, 106;10.1038/s41524-023-01033-4;https://www.nature.com/articles/s41524-023-01033-4;2023;UK;Europe;Scientific Publication;;;;x;;;;
225;M. Potuzak, J. C. Mauro, T. J. Kiczenski, A. J. Ellison & D. C. Allan, Communication: Resolving the vibrational and configurational contributions to thermal expansion in isobaric glass-forming systems, The Journal of chemical physics (2010), 133, 091102;10.1063/1.3481441;https://www.researchgate.net/publication/46217811_Communication_Resolving_the_vibrational_and_configurational_contributions_to_thermal_expansion_in_isobaric_glass-forming_systems;2010;USA;America;Scientific Publication;;;;x;;;;
226;The Engineering ToolBox. (2023). Iron - Density, Specific Heats and Thermal Conductivities vs. Temperatures. Retrieved March 3, 2026, from https://www.engineeringtoolbox.com/iron-specific-heat-density-thermal-conductivity-vs-temperature-d_2226.html;;https://www.engineeringtoolbox.com/iron-specific-heat-density-thermal-conductivity-vs-temperature-d_2226.html;2023;;;Data Sheet/Report;;;;x;;;;
227;The Engineering ToolBox. (2023). Stainless Steel - Specific Heat and Thermal Conductivities vs. Temperatures, Retrieved March 3, 2026, from https://www.engineeringtoolbox.com/stainless-steel-specific-heat-thermal-conductivity-vs-temperature-d_2225.html;;https://www.engineeringtoolbox.com/stainless-steel-specific-heat-thermal-conductivity-vs-temperature-d_2225.html;2023;;;Data Sheet/Report;;;;x;;;;
228;Kim, C. S. (1975). Thermophysical properties of stainlesse steels (Technical Report). U. S. Department of Energy, Office of Scientific and Technical Information. Retrieved march 3, 2026, from https://www.osti.gov/servlets/purl/4152287/;;https://www.osti.gov/servlets/purl/4152287/;1975;USA;America;Scientific Publication;;;;x;;;;
229;British Stainless Steel Association. (n.d.). Elevated temperature physical properties of stainless steels. Retrieved March 3, 2026, from https://bssa.org.uk/bssa_articles/elevated-temperature-physical-properties-of-stainless-steels/;;https://bssa.org.uk/bssa_articles/elevated-temperature-physical-properties-of-stainless-steels/;2026;UK;Europe;Data Sheet/Report;;;;x;;;;
230;The Engineering ToolBox. (2023). Copper - Density, Specific Heat and Thermal Conductivity vs. Temperature. Retrieved March 3, 2026, from https://www.engineeringtoolbox.com/copper-density-specific-heat-thermal-conductivity-vs-temperature-d_2223.html;;https://www.engineeringtoolbox.com/copper-density-specific-heat-thermal-conductivity-vs-temperature-d_2223.html;2023;;;Data Sheet/Report;;;;x;;;;
231;A. N. Vasileiou, G.-C. Vosniakos & D. I. Pantelis, Determination of local heat transfer coefficients in precision castings by genetic optimisation aided by numerical simulation, Proceedings of the Institution of Mechanical Engineers, Part C: Journal of Mechanical Engineering Science (2014), 229, 4, 735-750;10.1177/0954406214539468;https://www.researchgate.net/publication/263155220_Determination_of_local_heat_transfer_coefficients_in_precision_castings_by_genetic_optimisation_aided_by_numerical_simulation;2014;Greece ;Europe;Scientific Publication;;;;x;;;;
232;The Engineering ToolBox. (n.d.). Aluminum - Thermophysical Properties - Density, specific heat and thermal conductivity related to temperature. Retrieved March 3, 2026, from https://www.engineeringtoolbox.com/copper-density-specific-heat-thermal-conductivity-vs-temperature-d_2223.html;;https://www.engineeringtoolbox.com/aluminum-specific-heat-density-thermal-conductivity-temperature-d_2220.html;2026;;;Data Sheet/Report;;;;x;;;;
;;;;;;;;;;;;;;;
;;;;;;;;;;;;;;;
;;;;;;;;;;;;;;;
;;;;;;;;;;;;;;;
;;;;;;;;;;;;;;;
;;;;;;;;;;;;;;;
;;;;;;;;;;;;;;;
;;;;;;;;;;;;;;;
;;;;;;;;;;;;;;;
;;;;;;;;;;;;;;;
;;;;;;;;;;;;;;;
;;;;;;;;;;;;;;;
;;;;;;;;;;;;;;;
;;;;;;;;;;;;;;;
;;;;;;;;;;;;;;;
;;;;;;;;;;;;;;;
;;;;;;;;;;;;;;;
;;;;;;;;;;;;;;;
;;;;;;;;;;;;;;;
;;;;;;;;;;;;;;;
;;;;;;;;;;;;;;;
;;;;;;;;;;;;;;;
;;;;;;;;;;;;;;;
;;;;;;;;;;;;;;;
;;;;;;;;;;;;;;;
;;;;;;;;;;;;;;;
;;;;;;;;;;;;;;;
;;;;;;;;;;;;;;;
;;;;;;;;;;;;;;;
;;;;;;;;;;;;;;;
;;;;;;;;;;;;;;;
;;;;;;;;;;;;;;;
;;;;;;;;;;;;;;;
;;;;;;;;;;;;;;;
;;;;;;;;;;;;;;;
;;;;;;;;;;;;;;;
;;;;;;;;;;;;;;;
;;;;;;;;;;;;;;;
;;;;;;;;;;;;;;;
;;;;;;;;;;;;;;;
;;;;;;;;;;;;;;;
;;;;;;;;;;;;;;;
;;;;;;;;;;;;;;;
;;;;;;;;;;;;;;;
;;;;;;;;;;;;;;;
;;;;;;;;;;;;;;;
;;;;;;;;;;;;;;;
;;;;;;;;;;;;;;;
;;;;;;;;;;;;;;;
;;;;;;;;;;;;;;;
;;;;;;;;;;;;;;;
;;;;;;;;;;;;;;;
;;;;;;;;;;;;;;;
;;;;;;;;;;;;;;;
;;;;;;;;;;;;;;;
;;;;;;;;;;;;;;;
;;;;;;;;;;;;;;;
;;;;;;;;;;;;;;;
;;;;;;;;;;;;;;;
;;;;;;;;;;;;;;;
;;;;;;;;;;;;;;;
;;;;;;;;;;;;;;;
;;;;;;;;;;;;;;;
;;;;;;;;;;;;;;;
;;;;;;;;;;;;;;;
;;;;;;;;;;;;;;;
;;;;;;;;;;;;;;;
;;;;;;;;;;;;;;;
;;;;;;;;;;;;;;;
;;;;;;;;;;;;;;;
;;;;;;;;;;;;;;;
;;;;;;;;;;;;;;;
;;;;;;;;;;;;;;;
;;;;;;;;;;;;;;;
;;;;;;;;;;;;;;;
;;;;;;;;;;;;;;;
;;;;;;;;;;;;;;;
;;;;;;;;;;;;;;;
;;;;;;;;;;;;;;;
;;;;;;;;;;;;;;;
;;;;;;;;;;;;;;;
;;;;;;;;;;;;;;;
;;;;;;;;;;;;;;;
;;;;;;;;;;;;;;;
;;;;;;;;;;;;;;;
;;;;;;;;;;;;;;;
;;;;;;;;;;;;;;;
;;;;;;;;;;;;;;;
;;;;;;;;;;;;;;;
;;;;;;;;;;;;;;;
;;;;;;;;;;;;;;;
;;;;;;;;;;;;;;;
;;;;;;;;;;;;;;;
;;;;;;;;;;;;;;;
;;;;;;;;;;;;;;;
;;;;;;;;;;;;;;;
;;;;;;;;;;;;;;;
;;;;;;;;;;;;;;;
;;;;;;;;;;;;;;;
;;;;;;;;;;;;;;;
;;;;;;;;;;;;;;;
;;;;;;;;;;;;;;;
;;;;;;;;;;;;;;;
;;;;;;;;;;;;;;;
;;;;;;;;;;;;;;;
;;;;;;;;;;;;;;;
;;;;;;;;;;;;;;;
;;;;;;;;;;;;;;;
;;;;;;;;;;;;;;;
;;;;;;;;;;;;;;;
;;;;;;;;;;;;;;;
;;;;;;;;;;;;;;;
;;;;;;;;;;;;;;;
;;;;;;;;;;;;;;;
;;;;;;;;;;;;;;;
;;;;;;;;;;;;;;;
;;;;;;;;;;;;;;;
;;;;;;;;;;;;;;;
;;;;;;;;;;;;;;;
;;;;;;;;;;;;;;;
;;;;;;;;;;;;;;;
;;;;;;;;;;;;;;;
;;;;;;;;;;;;;;;
;;;;;;;;;;;;;;;
;;;;;;;;;;;;;;;
;;;;;;;;;;;;;;;
;;;;;;;;;;;;;;;
;;;;;;;;;;;;;;;
;;;;;;;;;;;;;;;
;;;;;;;;;;;;;;;
;;;;;;;;;;;;;;;
;;;;;;;;;;;;;;;
;;;;;;;;;;;;;;;
;;;;;;;;;;;;;;;
;;;;;;;;;;;;;;;
;;;;;;;;;;;;;;;
;;;;;;;;;;;;;;;
;;;;;;;;;;;;;;;
;;;;;;;;;;;;;;;
;;;;;;;;;;;;;;;
;;;;;;;;;;;;;;;
;;;;;;;;;;;;;;;
;;;;;;;;;;;;;;;
;;;;;;;;;;;;;;;
;;;;;;;;;;;;;;;
;;;;;;;;;;;;;;;
;;;;;;;;;;;;;;;
;;;;;;;;;;;;;;;
;;;;;;;;;;;;;;;
;;;;;;;;;;;;;;;
;;;;;;;;;;;;;;;
;;;;;;;;;;;;;;;
;;;;;;;;;;;;;;;
;;;;;;;;;;;;;;;
;;;;;;;;;;;;;;;
;;;;;;;;;;;;;;;
;;;;;;;;;;;;;;;
;;;;;;;;;;;;;;;
;;;;;;;;;;;;;;;
;;;;;;;;;;;;;;;
;;;;;;;;;;;;;;;
;;;;;;;;;;;;;;;
;;;;;;;;;;;;;;;
;;;;;;;;;;;;;;;
;;;;;;;;;;;;;;;
;;;;;;;;;;;;;;;
;;;;;;;;;;;;;;;
;;;;;;;;;;;;;;;
;;;;;;;;;;;;;;;
;;;;;;;;;;;;;;;
;;;;;;;;;;;;;;;
;;;;;;;;;;;;;;;
;;;;;;;;;;;;;;;
;;;;;;;;;;;;;;;
;;;;;;;;;;;;;;;
;;;;;;;;;;;;;;;
;;;;;;;;;;;;;;;
;;;;;;;;;;;;;;;
;;;;;;;;;;;;;;;
;;;;;;;;;;;;;;;
;;;;;;;;;;;;;;;
;;;;;;;;;;;;;;;
;;;;;;;;;;;;;;;
;;;;;;;;;;;;;;;
;;;;;;;;;;;;;;;
;;;;;;;;;;;;;;;
;;;;;;;;;;;;;;;
;;;;;;;;;;;;;;;
;;;;;;;;;;;;;;;
;;;;;;;;;;;;;;;
;;;;;;;;;;;;;;;
;;;;;;;;;;;;;;;
;;;;;;;;;;;;;;;
;;;;;;;;;;;;;;;
;;;;;;;;;;;;;;;
;;;;;;;;;;;;;;;
;;;;;;;;;;;;;;;
;;;;;;;;;;;;;;;
;;;;;;;;;;;;;;;
;;;;;;;;;;;;;;;
;;;;;;;;;;;;;;;
;;;;;;;;;;;;;;;
;;;;;;;;;;;;;;;
;;;;;;;;;;;;;;;
;;;;;;;;;;;;;;;
;;;;;;;;;;;;;;;
;;;;;;;;;;;;;;;
;;;;;;;;;;;;;;;
;;;;;;;;;;;;;;;
;;;;;;;;;;;;;;;
;;;;;;;;;;;;;;;
;;;;;;;;;;;;;;;
;;;;;;;;;;;;;;;
;;;;;;;;;;;;;;;
;;;;;;;;;;;;;;;
;;;;;;;;;;;;;;;
;;;;;;;;;;;;;;;
;;;;;;;;;;;;;;;
;;;;;;;;;;;;;;;
;;;;;;;;;;;;;;;
;;;;;;;;;;;;;;;
;;;;;;;;;;;;;;;
;;;;;;;;;;;;;;;
;;;;;;;;;;;;;;;
;;;;;;;;;;;;;;;
;;;;;;;;;;;;;;;
;;;;;;;;;;;;;;;
;;;;;;;;;;;;;;;
;;;;;;;;;;;;;;;
;;;;;;;;;;;;;;;
;;;;;;;;;;;;;;;
;;;;;;;;;;;;;;;
;;;;;;;;;;;;;;;
;;;;;;;;;;;;;;;
;;;;;;;;;;;;;;;
;;;;;;;;;;;;;;;
;;;;;;;;;;;;;;;
;;;;;;;;;;;;;;;
;;;;;;;;;;;;;;;
;;;;;;;;;;;;;;;
;;;;;;;;;;;;;;;
;;;;;;;;;;;;;;;
;;;;;;;;;;;;;;;
;;;;;;;;;;;;;;;
;;;;;;;;;;;;;;;
;;;;;;;;;;;;;;;
;;;;;;;;;;;;;;;
;;;;;;;;;;;;;;;
;;;;;;;;;;;;;;;
;;;;;;;;;;;;;;;
;;;;;;;;;;;;;;;
;;;;;;;;;;;;;;;
;;;;;;;;;;;;;;;
;;;;;;;;;;;;;;;
;;;;;;;;;;;;;;;
;;;;;;;;;;;;;;;
;;;;;;;;;;;;;;;
;;;;;;;;;;;;;;;
;;;;;;;;;;;;;;;
;;;;;;;;;;;;;;;
;;;;;;;;;;;;;;;
;;;;;;;;;;;;;;;
